fight,globalwarming,climatechange,sure,defeat,unless,stop,geoengineering,https,t.co,nbpbztxozu,
rt,neilrkaye,cop26,draws,closer,worth,reminding,30,alive,50,human,fossil,fu,
rt,neilrkaye,cop26,draws,closer,worth,reminding,30,alive,50,human,fossil,fu,
rt,drgem2015,econtwitter,intelligent,society,deal,climate,change,https,t.co,4d64pgbel5,globalwarming,climatecha,
rt,drgem2015,econtwitter,rational,society,deal,climate,change,https,t.co,4d64pgbel5,globalwarming,climatechange,
rt,drgem2015,gain,global,warming,https,t.co,aqtl0bqbpu,globalwarming,climatechange,nytimes,guardian,wsj,bloomb,
rt,drgem2015,econtwitter,rational,society,deal,climate,change,https,t.co,4d64pgbel5,globalwarming,climatechange,
rt,drgem2015,global,warming,beneficial,greta,wants,believe,https,t.co,aqtl0bqbpu,globalwarming,climatechan,
rt,neilrkaye,cop26,draws,closer,worth,reminding,30,alive,50,human,fossil,fu,
rt,mtapscott,china,imports,oil,natural,gas,country,world,energy,china,climatechange,carbon,fossilfue,
stop,global,warming,better,late,never,climatechange,climatecrisis,climatestrike,globalwarming,https,t.co,ugn6focvj4,
rt,drgem2015,econtwitter,intelligent,society,deal,climate,change,https,t.co,4d64pgbel5,globalwarming,climatecha,
rt,drgem2015,gain,global,warming,https,t.co,aqtl0bqbpu,globalwarming,climatechange,nytimes,guardian,wsj,bloomb,
rt,neilrkaye,cop26,draws,closer,worth,reminding,30,alive,50,human,fossil,fu,
roots,grow,shade,https,t.co,n7j4zx2rqb,carbon,carbondioxide,climate,climatechange,crops,https,t.co,jk9djfwdx9,
wish,scientists,governments,just,admit,globalwarming,climatechange,climatecrisis,can,longer,https,t.co,v3s1wzop9b,
rt,neilrkaye,cop26,draws,closer,worth,reminding,30,alive,50,human,fossil,fu,
rt,neilrkaye,cop26,draws,closer,worth,reminding,30,alive,50,human,fossil,fu,
rt,earthmanat,facetheclimateemergency,fridaysforfuture,renewables,climatestrike,greenwashing,extinctionrebellion,globalwarming,cl,
rt,earthmanat,globalwarming,facetheclimateemergency,uprootthesystem,fridaysforfuture,renewables,renewableenergy,greenwashing,exti,
rt,earthmanat,globalwarming,facetheclimateemergency,uprootthesystem,fridaysforfuture,renewables,renewableenergy,greenwashing,exti,
globalwarming,facetheclimateemergency,uprootthesystem,fridaysforfuture,renewables,renewableenergy,https,t.co,z3ipcu4ia5,
rt,neilrkaye,cop26,draws,closer,worth,reminding,30,alive,50,human,fossil,fu,
rt,graphsandcharts,post,1818,2.5,c,average,increase,temperature,since,1975,approx,climatedata,slutsk,belarus,follow,
post,1818,2.5,c,average,increase,temperature,since,1975,approx,climatedata,slutsk,belarus,follow,https,t.co,m0c4ls8z3w,
rt,_financiallaws,way,live,normal,human,lives,draconian,world,rise,reclaim,snatched,freedoms,hoaxes,li,
great,news,environment,enviornment,globalwarming,climatechange,https,t.co,8kxfrv8nsm,
rt,neilrkaye,cop26,draws,closer,worth,reminding,30,alive,50,human,fossil,fu,
rt,neilrkaye,cop26,draws,closer,worth,reminding,30,alive,50,human,fossil,fu,
geoengineering,weathermodification,stopped,now,planet,earth,inhabitants,may,die,1,2,ye,https,t.co,hve7kfyxyg,
rt,_officialeci,geoengineering,weathermodification,stopped,now,planet,earth,inhabitants,may,die,1,2,years,d,
rt,rpujolvives,transition,green,problem,transition,https,t.co,ggbvh8zr5k,energy,energycrisis,globalwarmin,
rt,drgem2015,global,warming,beneficial,greta,wants,believe,https,t.co,aqtl0bico4,globalwarming,climatechan,
rt,drgem2015,global,warming,beneficial,media,tell,https,t.co,aqtl0bico4,globalwarming,climatechange,nyt,
rt,drgem2015,global,warming,beneficial,greta,wants,believe,https,t.co,aqtl0bico4,globalwarming,climatechan,
rt,drgem2015,econtwitter,rational,society,deal,climate,change,https,t.co,4d64pfu3tx,economist,globalwarming,cl,
rt,_officialeci,talk,globalwarming,climatechange,political,rhetoric,lie,fool,world,people,unless,measures,
rt,_officialeci,scientists,agents,govt,organisations,like,un,worldbank,etc,anti,humanrights,blogs,li,
rt,wqbelle,enemy,us,https,t.co,8sgqs2kf6h,2019,yes,worst,enemy,nobody,else,blame,covid,
rt,wqbelle,enemy,us,https,t.co,8sgqs2kf6h,2019,yes,worst,enemy,nobody,else,blame,covid,
fight,climatechange,globalwarming,every,single,day,one,affordablehousing,housing,project,time,worl,https,t.co,kiuupih6iz,
scientists,agents,govt,organisations,like,un,worldbank,etc,anti,humanrights,bl,https,t.co,jzlv1umrtw,
rt,bobhillbrain,nobody,wants,things,impossible,https,t.co,h9ua1pipsg,climateaction,climateemergency,actonclimate,climatec,
geoengineering,weathermodification,stopped,now,planet,earth,inhabitants,may,die,1,2,ye,https,t.co,01h5feqfs9,
rt,drgem2015,gain,global,warming,https,t.co,aqtl0bico4,globalwarming,climatechange,nytimes,guardian,wsj,bloomb,
rt,myzerocarbon,overconsumption,need,stop,buying,stuff,know,just,people,persuade,us,https,t.co,clklz4m7x4,cl,
nobody,wants,things,impossible,https,t.co,h9ua1pipsg,climateaction,climateemergency,actonclimate,https,t.co,qt6bstpsxx,
talk,globalwarming,climatechange,political,rhetoric,lie,fool,world,people,unless,measur,https,t.co,egp9tydcx3,
rt,drgem2015,global,warming,beneficial,greta,wants,believe,https,t.co,aqtl0bico4,globalwarming,climatechan,
rt,neilrkaye,cop26,draws,closer,worth,reminding,30,alive,50,human,fossil,fu,
rt,neilrkaye,seasonal,temperature,averages,1960,2020,selection,european,countries,seasons,warming,re,
rt,youngrjeremy,season,fault,lines,continues,excellent,story,worth,time,climate,change,fueling,migratio,
rt,neilrkaye,cop26,draws,closer,worth,reminding,30,alive,50,human,fossil,fu,
rt,neilrkaye,cop26,draws,closer,worth,reminding,30,alive,50,human,fossil,fu,
rt,neilrkaye,cop26,draws,closer,worth,reminding,30,alive,50,human,fossil,fu,
rt,neilrkaye,cop26,draws,closer,worth,reminding,30,alive,50,human,fossil,fu,
overconsumption,need,stop,buying,stuff,know,just,people,persuade,us,https,t.co,eb6wcd1wso,
rt,neilrkaye,cop26,draws,closer,worth,reminding,30,alive,50,human,fossil,fu,
majority,americans,want,see,oil,gas,companies,held,account,lying,climate,crisis,https,t.co,im1uxasqv4,
humans,even,capable,solving,climate,crisis,12thhourfilm,coming,soon,stworg,williamhcalvin,https,t.co,v70i5pqpnj,
rt,neilrkaye,cop26,draws,closer,worth,reminding,30,alive,50,human,fossil,fu,
rt,neilrkaye,cop26,draws,closer,worth,reminding,30,alive,50,human,fossil,fu,
streatham,library,togetherforourplanet,cop26,great,selection,fiction,non,fiction,books,climate,chang,https,t.co,li31pitxqz,
rt,neilrkaye,cop26,draws,closer,worth,reminding,30,alive,50,human,fossil,fu,
rt,youngrjeremy,season,fault,lines,continues,excellent,story,worth,time,climate,change,fueling,migratio,
rt,neilrkaye,seasonal,temperature,averages,1960,2020,selection,european,countries,seasons,warming,re,
rt,drgem2015,globalwarming,beneficial,greta,wants,believe,https,t.co,aqtl0bico4,climatechange,nytimes,
rt,lorenzo_tondo,southern,italy,braced,rare,mediterranean,hurricane,call,medicane,amp,latest,evidence,demonstrati,
rt,neilrkaye,seasonal,temperature,averages,1960,2020,selection,european,countries,seasons,warming,re,
rt,drgem2015,global,warming,beneficial,greta,wants,believe,https,t.co,aqtl0bico4,globalwarming,climatechan,
rt,neilrkaye,cop26,draws,closer,worth,reminding,30,alive,50,human,fossil,fu,
rt,_financiallaws,way,live,normal,human,lives,draconian,world,rise,reclaim,snatched,freedoms,hoaxes,li,
rt,drgem2015,econtwitter,intelligent,society,deal,climate,change,https,t.co,4d64pfu3tx,globalwarming,climatecha,
transition,green,problem,transition,https,t.co,ggbvh8zr5k,energy,energycrisis,https,t.co,wpxdd1xohn,
rt,neilrkaye,increasing,human,fossil,fuel,use,ùóπùó≤ùóÆùó±,ùòÅùóº,increasing,co,atmosphere,ùóπùó≤ùóÆùó±,ùòÅùóº,increasing,global,temperatures,ùóπùó≤ùóÆùó±,ùòÅùóº,se,
rt,neilrkaye,cop26,draws,closer,worth,reminding,30,alive,50,human,fossil,fu,
rt,ifglobalhealth,planetary,health,enthusiast,interested,raising,awareness,climate,risks,health,yes,thi,
rt,neilrkaye,seasonal,temperature,averages,1960,2020,selection,european,countries,seasons,warming,re,
rt,neilrkaye,uk,seasonal,temperature,averages,1960,2020,season,warming,regions,dataviz,climatechange,glob,
nftgiveaway,celebrating,1000,followers,claim,gift,https,t.co,z4yjz490oo,968,1000,forml,https,t.co,jaab94kx3m,
rt,drgem2015,econtwitter,intelligent,society,deal,climate,change,https,t.co,4d64pfu3tx,globalwarming,climatecha,
rt,drgem2015,gain,global,warming,https,t.co,aqtl0bico4,globalwarming,climatechange,nytimes,guardian,wsj,bloomb,
rt,onthomas_tweet,shipping,beijing,climate,climatechange,environment,nature,globalwarming,climatecrisis,climateaction,e,
rt,onthomas_tweet,shipping,beijing,climate,climatechange,environment,nature,globalwarming,climatecrisis,climateaction,e,
shipping,beijing,climate,climatechange,environment,nature,globalwarming,climatecrisis,https,t.co,alq3y2tki7,
rt,onthomas_tweet,shipping,beijing,climate,climatechange,environment,nature,globalwarming,climatecrisis,climateaction,e,
rt,onthomas_tweet,shipping,beijing,climate,climatechange,environment,nature,globalwarming,climatecrisis,climateaction,e,
shipping,beijing,climate,climatechange,environment,nature,globalwarming,climatecrisis,https,t.co,kgqpiet1js,
shipping,beijing,climate,climatechange,environment,nature,globalwarming,climatecrisis,https,t.co,v1zyu8utht,
shipping,beijing,climate,climatechange,environment,nature,globalwarming,climatecrisis,https,t.co,luqghorbeb,
shipping,beijing,climate,climatechange,environment,nature,globalwarming,climatecrisis,https,t.co,jz9icjd6ut,
shipping,beijing,climate,climatechange,environment,nature,globalwarming,climatecrisis,https,t.co,nhsdjtvrzw,
shipping,beijing,climate,climatechange,environment,nature,globalwarming,climatecrisis,https,t.co,b8dsvsonjc,
shipping,beijing,climate,climatechange,environment,nature,globalwarming,climatecrisis,https,t.co,vluudtp8fj,
rt,neilrkaye,cop26,draws,closer,worth,reminding,30,alive,50,human,fossil,fu,
rt,drgem2015,economist,intelligent,society,deal,climate,change,https,t.co,4d64pfu3tx,globalwarming,climatechang,
rt,drgem2015,global,warming,beneficial,greta,wants,believe,https,t.co,aqtl0bico4,globalwarming,climatechan,
rt,artwork500,lorna,zanre,nature,calls,acrylic,canvas,39.5,x,39.5,https,t.co,wjk2zxyul6,pm,enquiries,free,postage,
rt,neilrkaye,cop26,draws,closer,worth,reminding,30,alive,50,human,fossil,fu,
rt,neilrkaye,seasonal,temperature,averages,1960,2020,selection,european,countries,seasons,warming,re,
