Date,Source,Title,Headline
2021-09-09,business-insider,Renominating Jerome Powell for Fed chair is a mistake that will have serious consequences for our planet,Climate change forcing huge risks economy nominating Jerome Powell chair only accentuates those risks
2021-09-16,business-insider,California spent million on its recall election Here s how that stacks up against the state s spending on key issues,dollars spent California recall election could have funded programs homeless been funneled into fighting climate change
2021-09-17,business-insider,Heatwaves and droughts have decimated some Christmas tree crops and industry groups are warning of impending shortages Find and buy your Christmas tree early,American Christmas Tree Association warned that expecting shortage live trees this year effects climate change
2021-09-24,business-insider,Bill Gates takes a dig at Jeff Bezos and Elon Musk Space We have a lot to do here on Earth,Both Jeff Bezos Elon Musk have been vocal regarding their plans outer space offset climate change issues Earth
2021-09-05,business-insider,If you feel that the world s environment is doomed after the raging summer of hurricanes floods and wildfires you could be suffering from eco anxiety,growing number people have found that rapidly declining state planet impacting their mental health
2021-09-08,business-insider,President Biden says jobs that pay or an hour not or are part of his climate infrastructure plan,Biden said each dollar invested Build Back Better plan returns dollars savings climate related emergency expenses
2021-08-31,business-insider,Lawn care companies are swamped as armyworms decimate entire lawns within hours and spread north in part due to climate change,Armyworms turn lush green lawn brown within hours This year they spread areas overwhelming some lawn care companies
2021-09-25,business-insider,While world leaders are at the UN talking climate change their private jets are often forced to fly and park hundreds of miles away,obscure rule forces aircraft ferrying world leaders away find parking during General Assembly
2021-09-01,business-insider,Climate protesters target JPMorgan s London offices cracking windows with hammers and chisels,Extinction Rebellion activists were protesting against organizations such JPMorgan that have invested fossil fuels
2021-09-14,business-insider,President Joe Biden stumps for California Gov Gavin Newsom ahead of recall election,Biden warned that there much stake Newsom recalled replaced main opponent Trump loyalist Larry Elder
2021-09-03,business-insider,The arguments for firing Jay Powell are tiresome and stupid,main monetary policy Powell made excellent monetary policy opponents must search bizarre reasons replace
2021-09-07,business-insider,Half the world s population doesn t have healthcare stable income retirement plans or childcare The pandemic created a crossroads to change that,report from International Labor Organization looked access social safety programs across world Many countries were found wanting
2021-09-08,business-insider,A Florida councilman who denied the pandemic was real has been hospitalized with COVID,Fred Lowry hospitalized Monday with double pneumonia COVID Volusia County Chair said
2021-09-29,business-insider,Things in Politics Dems worry Biden s blowing it,generals they advised keep troops Afghanistan
2021-09-27,business-insider,German election Greens poised to join government of Europe s biggest economy after voters reject Merkel s party,Greens alongside Free Democrats negotiate with parties leading election results form government Germany
2021-09-29,business-insider,Elon Musk Thinks Peter Thiel is a Sociopath and Other Wild Details About the Billionaires Love Hate Relationship,Thiel allies conspired against Musk replaced PayPal while Musk honeymoon
2021-09-29,business-insider,Elon Musk Thinks Peter Thiel is a Sociopath and Other Wild Details About the Billionaires Love Hate Relationship,Thiel allies conspired against Musk replaced PayPal while Musk honeymoon
2021-09-10,business-insider,Harvard University s billion endowment will stop investing in the fossil fuel industry,Harvard renew partnerships with private equity funds that have holdings fossil fuels sector
2021-09-29,business-insider,Veteran investor Jeremy Grantham warns of an epic market bubble bemoans the meme stock boom and touts venture capital in a new interview Here are the best quotes,cofounder sounds alarm global housing bubble says stocks bonds commodities real estate overpriced
2021-09-13,business-insider,things before the opening bell,Cathie Wood sells million Tesla Apple dips Harvard divests from fossil fuels
2021-09-16,business-insider,Does homeowners insurance cover flooded basements,Homeowners insurance coverage flooded basement depends basement flooded Water from flood sewer backup covered
2021-09-17,business-insider,Consumer demand and policy are both pushing sustainable transportation forward but infrastructure needs to match pace to make it equitable for all,Communities have been locked with poverty pollution want make sure that repeat those mistakes
2021-08-31,business-insider,Here s how retailers gain an edge in the critical last mile of delivery,Last mile delivery seen huge changes consumer demand technology helping retailers ahead competition
2021-09-16,business-insider,Does homeowners insurance cover roof leaks,Homeowners insurance covers roof leaks long leak lack maintenance normal wear tear
2021-09-03,business-insider,Review The Hyundai Sonata Hybrid isn t just wildly practical it s also a masterclass in style,With around combined base price Hyundai Sonata Hybrid great deal doesn compromise looks achieve
2021-08-29,business-insider,Silicon Valley has given up on reality and now they want us all to use their terrible new alternative,Recent massive investments into creating immersive digital worlds symptom Silicon Valley leaders cashing physical world
2021-09-22,business-insider,Things in Politics Capitol Hill divided over vax mandates,House passed bill meant avert government shutdown avoid debt default
2021-08-31,business-insider,Remote workers from San Francisco flocked to Lake Tahoe during the pandemic Now thousands of people are being forced to evacuate as the Caldor fire bears down on the serene Northern California enclave,Caldor fire burned through more than acres Northern California headed toward Lake Tahoe
2021-09-21,business-insider,Jeff Bezos and his girlfriend Lauren S nchez meet with UK Prime Minister Boris Johnson in New York,spokesperson prime minister said Boris Johnson Jeff Bezos discussed both climate change taxation
2021-09-29,business-insider,Sorry millennials Apple picking is probably going to be more expensive this year,combination climate change worker shortages causing prices rise apple orchards cider mills many parts country
2021-08-31,business-insider,AOC and other progressives urge Biden to dump Powell for a more climate focused Fed chair,Powell made some positive changes next chair should beef bank regulation fight climate change lawmakers said
2021-09-01,business-insider,Boomers worry about inflation eating their savings Gen Zers worry about climate change eating their planet,economy been geared toward tackling inflation years that change generations split which crisis tackle first
2021-09-01,business-insider,The best wildlife photos of capture a rare Iberian lynx a snake strangling a gecko and a lion dripping with blood,Wild animals beat immense odds crossing torrential rivers bouncing back from brink extinction Photos reveal mundane extraordinary
2021-09-04,business-insider,Welcome to your new planet There s no such thing as a local disaster,effects climate change inescapable Extreme weather longer stays confined location
2021-09-07,business-insider,Rupert Murdoch s Australian news outlets plan to dial back climate change denial and promote net zero emissions by according to reports,Public outrage mounted social media against Murdoch news outlets wildfires ravaged wide swaths Australia
2021-09-24,business-insider,We need to protect communities hit first and worst by climate change state lawmakers say,climate change racial justice environmental justice economic justice crises intersect holistic solution needed solve them
2021-09-23,business-insider,Without aggressive funding in clean energy and climate solutions the world we know could perish,Investors help determine funding clean energy transitions well corporate goals reduce carbon emissions Those efforts need accelerate
2021-09-23,business-insider,Here s why state lawmakers are calling on the federal government to set a baseline for addressing the climate crisis,State lawmakers from Washington Oregon Colorado North Carolina came together Tuesday talk about ways they were promoting climate action
2021-09-02,business-insider,Property owners are paying up to hundreds of thousands of dollars to lift their homes above flood zones during dangerous hurricane season,After summer extreme weather coastal homeowners fortifying their properties against worsening storm surges flooding hefty price
2021-09-21,business-insider,British PM Boris Johnson says dealing with Biden a breath of fresh air compared to Trump,What will about Biden dealing with American president breath fresh Johnson said
2021-09-28,business-insider,AOC threatens to vote down moderates bipartisan infrastructure deal unless she gets new information,House Speaker Nancy Pelosi prioritized passing bipartisan deal instead larger reconciliation package championed progressives
2021-09-21,business-insider,Climate disaster turned these millennials into forever renters Being flexible is the new American dream,Samuel Naujokas said wildfires made rethink idea success Maybe there something wrong with value give homeownership said
2021-09-10,business-insider,A House Democrat says he wants a labor market so tight that people with tattoos won t have to cover up to get hired,Brad Sherman told Wall Street Journal supports Powell reappointment work with labor market
2021-09-25,business-insider,The world s biggest carbon removal plant just opened In a year it ll negate just seconds worth of global emissions,Companies developing technology that sucks carbon dioxide scientists scaled fast enough
2021-09-06,business-insider,A third of Gen Z says climate change is a top concern A new report says the climate crisis is pushing young adults to pursue more sustainability focused career paths,More students than past pursuing studies career paths centered sustainability Guardian found
2021-09-21,business-insider,Books Professors at Top Business Schools like Harvard and Kellogg Are Recommending Their Students Read This Year,Harvard Business School visiting associate professor Josephine Nelson also senior fellow University Pennsylvania Wharton School told Insider that Edge allows students shadow some great leaders industry
2021-09-18,business-insider,The companies polluting the planet have spent millions to make you think carpooling and recycling will save us,plastics industry kickstarted recycling avoid bans plastic packaging Decades later invented carbon footprint calculator
2021-09-26,business-insider,Expensive housing is the reason the planet is burning the rich are getting richer and women are choosing to have fewer children,housing market sits center several economic battles Building more shape more equitable America Just look data
2021-09-01,business-insider,Droughts have killed the most people in the world s worst natural disasters over the last years,World Meteorological Organization said weather related disasters have increased seven fold over last years deaths have gone down
2021-09-03,business-insider,Lawn ruining armyworms are the worst they ve been in years an expert says We knew they were coming but we didn t expect it would come this this fast,Armyworms turn green lawn brown almost overnight Tropical storms Hurricane contributing pests spread across
2021-09-23,business-insider,Developing companies seeking to transition to clean energy can t get enough money,Financing issue developing countries reliant fossil fuels that know they need reduce emissions transition renewable energy
2021-09-09,business-insider,Hurricane Ida flooding highlights the need to invest in transportation infrastructure aggressively,What prevents governments from budgeting funds needed improvements public transit roads bridges Politics
2021-09-10,business-insider,Democrats climate investments would create million new jobs and add nearly trillion to the economy by report says,incentivizing utilities transition clean energy program could create jobs retail manufacturing construction across country
2021-09-22,business-insider,Investors reactions to my pregnancy made me feel I should be ashamed to be having a baby VCs have got to change their attitudes,Heka cofounder Steph Hind pregnant when partner were pitching investment describes some investors were
2021-09-25,business-insider,Sen Joe Manchin seeks to slow down trillion infrastructure bill as Democrats move forward with the legislation in critical phase,What need There timeline want understand Manchin said urgency reconciliation bill interview with Politico
2021-09-12,business-insider,Slashing pandemic benefits too soon could slow recovery and stoke income inequality a historian explains why,levels debt which going find ourselves once finally begin exit from this crisis going watering
2021-09-28,business-insider,Elizabeth Warren calls Fed Chair Powell a dangerous man and vows to oppose his renomination,Your record causes grave concern over over have acted make banking system less safe Warren told Powell during Senate hearing
2021-09-15,business-insider,Execs at Uber and Cruise reveal what it takes to become a smart city and how tech can solve urban mobility and inequality,Once have right data begin make better decisions about your streets your buildings
2021-09-20,business-insider,New rules addressing extreme heat could mean better air conditioning and more breaks for millions of workers,Since hundreds workers have died from extreme temperatures Biden administration pushing workplace heat safety standard
2021-09-05,business-insider,The Texas anti abortion decision is the result of a decades long plan by the right to take over the courts It s time liberals start treating the Supreme Court as what it is a warped anti democratic institution,Court holds much influence long protected those power Liberals must stop revering this institution work limit control
2021-09-25,business-insider,The US could see a brighter fall and winter as COVID cases and deaths decline a new model shows,Scientists hopeful that authorizing vaccines young kids could help prevent major surge this winter
2021-09-19,business-insider,The US has blown over trillion on the War on Terror instead of ideas like forgiving student debt or improved healthcare Now t s time to invest in making American lives better,that Afghanistan over government should reinvest military spending countless overlapping crises
2021-09-12,business-insider,Democrats are allowing jobless aid to expire just as an eviction ban lapses which risks leaving million unemployed feeling neglected during the Delta surge,Calling double former economist Claudia Sahm says been tough unemployed This ending that fits crisis
2021-09-03,business-insider,Photos from the air and space reveal Hurricane Ida s devastation from New Orleans to New Jersey,Before causing deadly flooding Northeast Hurricane left swaths Orleans without power spilled Gulf
2021-09-26,business-insider,Pelosi said she may not hold vote on infrastructure bill on Monday as planned if it doesn t have the votes,never bringing bill floor that doesn have votes Pelosi said after previously committing vote Monday
2021-09-12,business-insider,If service sector employers ever want to see their workers again they have to do more than raise wages They ll need to help people get ahead,employers want their workers back they have offer something better than just potential
2021-09-23,business-insider,How a partnership between the city of Boston and local universities is working to help policymakers better serve residents,Boston Area Research Initiative works with universities like Northeastern Harvard examine data tech reshape future
2021-09-27,business-insider,battles to watch as Democrats gear up for the biggest week of Biden s presidency,Democrats plan spend trillions wealthy dodge potentially catastrophic recession this week Failing could doom party
2021-09-03,business-insider,Things in Politics Cruzworld eyes,Manchin said Democrats should pause button Biden agenda
2021-09-08,business-insider,China is irritating more countries in Asia but the US is struggling to come up with a better offer,Despite dismay about China countries aren saying well China good America expert told Insider
2021-09-16,business-insider,Inside the rise and fall of Occupy Wall Street and why even its organizers won t say it worked,decade after Occupy Wall Street movement started organizers reflect movement whether impact income inequality
2021-09-01,business-insider,Review The McLaren S Spider isn t just an incredible car it makes you feel like a kid again,McLaren Spider starts climbs from there with many cars kind everything ever dreamed more
