,cleantweet,tweetid,len,meaning,lemmatized,pos
0,climate change interesting hustle global warming planet stopped warming 15 yes suv boom,7.92927E+17,87,Negative,climate change interesting hustle global warming planet stopped warming 15 yes suv boom,"[('climate', 'NN'), ('change', 'NN'), ('interesting', 'VBG'), ('hustle', 'JJ'), ('global', 'JJ'), ('warming', 'NN'), ('planet', 'NN'), ('stopped', 'VBD'), ('warming', 'VBG'), ('15', 'CD'), ('yes', 'NNS'), ('suv', 'NN'), ('boom', 'NN')]"
1,watch beforetheflood right travels world tackle climate change htt,7.93124E+17,66,Positive,watch beforetheflood right travels world tackle climate change htt,"[('watch', 'NN'), ('beforetheflood', 'NN'), ('right', 'RB'), ('travels', 'VBZ'), ('world', 'NN'), ('tackle', 'NN'), ('climate', 'NN'), ('change', 'NN'), ('htt', 'NN')]"
2,fabulous leonardo dicaprio film climate change brilliant watch via,7.93124E+17,66,Positive,fabulous leonardo dicaprio film climate change brilliant watch via,"[('fabulous', 'JJ'), ('leonardo', 'NN'), ('dicaprio', 'NN'), ('film', 'NN'), ('climate', 'NN'), ('change', 'NN'), ('brilliant', 'JJ'), ('watch', 'NN'), ('via', 'IN')]"
3,fanning watched amazing documentary leonardodicaprio climate change think,7.93125E+17,73,Positive,fanning watched amazing documentary leonardodicaprio climate change think,"[('fanning', 'VBG'), ('watched', 'VBD'), ('amazing', 'JJ'), ('documentary', 'NN'), ('leonardodicaprio', 'NN'), ('climate', 'NN'), ('change', 'NN'), ('think', 'VBP')]"
4,pranita biswasi lutheran odisha gives testimony effects climate change amp natural disasters po,7.93125E+17,95,News,pranita biswasi lutheran odisha gives testimony effects climate change amp natural disasters po,"[('pranita', 'JJ'), ('biswasi', 'NN'), ('lutheran', 'NN'), ('odisha', 'VBP'), ('gives', 'VBZ'), ('testimony', 'NN'), ('effects', 'NNS'), ('climate', 'VBP'), ('change', 'NN'), ('amp', 'JJ'), ('natural', 'JJ'), ('disasters', 'NNS'), ('po', 'VBP')]"
5,unamshow awache kujinga na iko global warming,7.93125E+17,45,Neutral,unamshow awache kujinga na iko global warming,"[('unamshow', 'JJ'), ('awache', 'NN'), ('kujinga', 'NN'), ('na', 'TO'), ('iko', 'VB'), ('global', 'JJ'), ('warming', 'NN')]"
6,pranita biswasi lutheran odisha gives testimony effects climate change amp natural disasters po,7.93125E+17,95,News,pranita biswasi lutheran odisha gives testimony effects climate change amp natural disasters po,"[('pranita', 'JJ'), ('biswasi', 'NN'), ('lutheran', 'NN'), ('odisha', 'VBP'), ('gives', 'VBZ'), ('testimony', 'NN'), ('effects', 'NNS'), ('climate', 'VBP'), ('change', 'NN'), ('amp', 'JJ'), ('natural', 'JJ'), ('disasters', 'NNS'), ('po', 'VBP')]"
7,presidential candidate donaldtrump dangerous climate change says monaco prince albert,7.93127E+17,85,News,presidential candidate donaldtrump dangerous climate change says monaco prince albert,"[('presidential', 'JJ'), ('candidate', 'NN'), ('donaldtrump', 'NN'), ('dangerous', 'JJ'), ('climate', 'NN'), ('change', 'NN'), ('says', 'VBZ'), ('monaco', 'JJ'), ('prince', 'NN'), ('albert', 'NN')]"
8,leonardo dicaprio climate change documentary free week indigenous tairp,7.93127E+17,71,Neutral,leonardo dicaprio climate change documentary free week indigenous tairp,"[('leonardo', 'NN'), ('dicaprio', 'NN'), ('climate', 'NN'), ('change', 'NN'), ('documentary', 'JJ'), ('free', 'JJ'), ('week', 'NN'), ('indigenous', 'JJ'), ('tairp', 'NN')]"
9,beforetheflood watch beforetheflood right travels world tackle climate change,7.93127E+17,77,Positive,beforetheflood watch beforetheflood right travels world tackle climate change,"[('beforetheflood', 'NN'), ('watch', 'NN'), ('beforetheflood', 'NN'), ('right', 'RB'), ('travels', 'VBZ'), ('world', 'NN'), ('tackle', 'NN'), ('climate', 'NN'), ('change', 'NN')]"
10,vital public health community addresses climate change via tabola apha2016,7.93128E+17,74,Positive,vital public health community addresses climate change via tabola apha2016,"[('vital', 'JJ'), ('public', 'JJ'), ('health', 'NN'), ('community', 'NN'), ('addresses', 'VBZ'), ('climate', 'JJ'), ('change', 'NN'), ('via', 'IN'), ('tabola', 'NN'), ('apha2016', 'NN')]"
11,bangladesh cause climate change country need aid instead needs compensation,7.9313E+17,75,Positive,bangladesh cause climate change country need aid instead needs compensation,"[('bangladesh', 'NN'), ('cause', 'NN'), ('climate', 'NN'), ('change', 'NN'), ('country', 'NN'), ('need', 'VBP'), ('aid', 'VBN'), ('instead', 'RB'), ('needs', 'JJ'), ('compensation', 'NN')]"
12,watch beforetheflood right travels world tackle climate change htt,7.9313E+17,66,Positive,watch beforetheflood right travels world tackle climate change htt,"[('watch', 'NN'), ('beforetheflood', 'NN'), ('right', 'RB'), ('travels', 'VBZ'), ('world', 'NN'), ('tackle', 'NN'), ('climate', 'NN'), ('change', 'NN'), ('htt', 'NN')]"
13,time need strong ftt works hardest hit climate change poverty,7.9313E+17,61,Positive,time need strong ftt works hardest hit climate change poverty,"[('time', 'NN'), ('need', 'MD'), ('strong', 'JJ'), ('ftt', 'VB'), ('works', 'NNS'), ('hardest', 'JJS'), ('hit', 'JJ'), ('climate', 'NN'), ('change', 'NN'), ('poverty', 'NN')]"
14,reflections leonardo dicaprio new climate change film beforetheflood,7.9313E+17,68,News,reflections leonardo dicaprio new climate change film beforetheflood,"[('reflections', 'NNS'), ('leonardo', 'VBP'), ('dicaprio', 'JJ'), ('new', 'JJ'), ('climate', 'NN'), ('change', 'NN'), ('film', 'NN'), ('beforetheflood', 'NN')]"
15,problem global warming reason continues resist illustration even streets flood h,7.9313E+17,80,Positive,problem global warming reason continues resist illustration even streets flood h,"[('problem', 'NN'), ('global', 'JJ'), ('warming', 'VBG'), ('reason', 'NN'), ('continues', 'VBZ'), ('resist', 'VBP'), ('illustration', 'NN'), ('even', 'RB'), ('streets', 'VBZ'), ('flood', 'NN'), ('h', 'NN')]"
16,one easiest ways help combat climate change daily life stop eating beef,7.93131E+17,71,Positive,one easiest ways help combat climate change daily life stop eating beef,"[('one', 'CD'), ('easiest', 'JJS'), ('ways', 'NNS'), ('help', 'VBP'), ('combat', 'NN'), ('climate', 'NN'), ('change', 'NN'), ('daily', 'JJ'), ('life', 'NN'), ('stop', 'NN'), ('eating', 'NN'), ('beef', 'NN')]"
17,watch leo dicaprio climate change doc online free world ends,7.93133E+17,60,Positive,watch leo dicaprio climate change doc online free world ends,"[('watch', 'NN'), ('leo', 'NN'), ('dicaprio', 'NN'), ('climate', 'NN'), ('change', 'NN'), ('doc', 'NN'), ('online', 'VBP'), ('free', 'JJ'), ('world', 'NN'), ('ends', 'VBZ')]"
18,climate change affect sea level rise flood cities world warms,7.93133E+17,61,Positive,climate change affect sea level rise flood cities world warms,"[('climate', 'NN'), ('change', 'NN'), ('affect', 'VBP'), ('sea', 'NN'), ('level', 'NN'), ('rise', 'NN'), ('flood', 'NN'), ('cities', 'NNS'), ('world', 'NN'), ('warms', 'NNS')]"
19,watch beforetheflood right travels world tackle climate change htt,7.93134E+17,66,Positive,watch beforetheflood right travels world tackle climate change htt,"[('watch', 'NN'), ('beforetheflood', 'NN'), ('right', 'RB'), ('travels', 'VBZ'), ('world', 'NN'), ('tackle', 'NN'), ('climate', 'NN'), ('change', 'NN'), ('htt', 'NN')]"
20,dunkley arseholes predict tomorrows weather 4 month heat wave yet trust climate change narrr,7.93135E+17,92,Negative,dunkley arseholes predict tomorrows weather 4 month heat wave yet trust climate change narrr,"[('dunkley', 'NN'), ('arseholes', 'NNS'), ('predict', 'VBP'), ('tomorrows', 'VBZ'), ('weather', 'RB'), ('4', 'CD'), ('month', 'NN'), ('heat', 'NN'), ('wave', 'VBP'), ('yet', 'RB'), ('trust', 'JJ'), ('climate', 'NN'), ('change', 'NN'), ('narrr', 'NN')]"
21,florida trump defied cuba embargo amp lied also believe climate change affect,7.93136E+17,77,Positive,florida trump defied cuba embargo amp lied also believe climate change affect,"[('florida', 'JJ'), ('trump', 'NN'), ('defied', 'VBD'), ('cuba', 'JJ'), ('embargo', 'NN'), ('amp', 'NN'), ('lied', 'VBD'), ('also', 'RB'), ('believe', 'JJ'), ('climate', 'NN'), ('change', 'NN'), ('affect', 'NN')]"
22,must combat climate change indigenous ppl protesting earth water yet happens,7.93136E+17,76,Positive,must combat climate change indigenous ppl protesting earth water yet happens,"[('must', 'MD'), ('combat', 'VB'), ('climate', 'NN'), ('change', 'NN'), ('indigenous', 'JJ'), ('ppl', 'NN'), ('protesting', 'VBG'), ('earth', 'JJ'), ('water', 'NN'), ('yet', 'RB'), ('happens', 'VBZ')]"
23,national geographic climate change documentary leonardo dicaprio youtube via,7.93136E+17,76,Neutral,national geographic climate change documentary leonardo dicaprio youtube via,"[('national', 'JJ'), ('geographic', 'JJ'), ('climate', 'NN'), ('change', 'NN'), ('documentary', 'JJ'), ('leonardo', 'NN'), ('dicaprio', 'NN'), ('youtube', 'NN'), ('via', 'IN')]"
24,everyone take time watch climate change docufilm leonardo dicaprio time stop talking,7.93137E+17,84,Positive,everyone take time watch climate change docufilm leonardo dicaprio time stop talking,"[('everyone', 'NN'), ('take', 'VB'), ('time', 'NN'), ('watch', 'NN'), ('climate', 'NN'), ('change', 'NN'), ('docufilm', 'NN'), ('leonardo', 'NN'), ('dicaprio', 'NN'), ('time', 'NN'), ('stop', 'VB'), ('talking', 'VBG')]"
25,boingboing watch flood urgent call arms climate change,7.93137E+17,54,Positive,boingboing watch flood urgent call arms climate change,"[('boingboing', 'VBG'), ('watch', 'NN'), ('flood', 'NN'), ('urgent', 'JJ'), ('call', 'NN'), ('arms', 'NNS'), ('climate', 'VBP'), ('change', 'NN')]"
26,watch beforetheflood right travels world tackle climate change htt,7.93138E+17,66,Positive,watch beforetheflood right travels world tackle climate change htt,"[('watch', 'NN'), ('beforetheflood', 'NN'), ('right', 'RB'), ('travels', 'VBZ'), ('world', 'NN'), ('tackle', 'NN'), ('climate', 'NN'), ('change', 'NN'), ('htt', 'NN')]"
27,care economics fighting climate change,7.93138E+17,38,Neutral,care economics fighting climate change,"[('care', 'NN'), ('economics', 'NNS'), ('fighting', 'VBG'), ('climate', 'NN'), ('change', 'NN')]"
28,like alot places called climate change,7.93138E+17,38,Positive,like alot places called climate change,"[('like', 'IN'), ('alot', 'NN'), ('places', 'NNS'), ('called', 'VBN'), ('climate', 'NN'), ('change', 'NN')]"
29,watch beforetheflood right travels world tackle climate change htt,7.93139E+17,66,Positive,watch beforetheflood right travels world tackle climate change htt,"[('watch', 'NN'), ('beforetheflood', 'NN'), ('right', 'RB'), ('travels', 'VBZ'), ('world', 'NN'), ('tackle', 'NN'), ('climate', 'NN'), ('change', 'NN'), ('htt', 'NN')]"
30,pentagon video future cities predicts inequality climate change scarcity crumbling infrastructure,7.93139E+17,97,News,pentagon video future cities predicts inequality climate change scarcity crumbling infrastructure,"[('pentagon', 'NN'), ('video', 'NN'), ('future', 'JJ'), ('cities', 'NNS'), ('predicts', 'VBZ'), ('inequality', 'JJ'), ('climate', 'NN'), ('change', 'NN'), ('scarcity', 'NN'), ('crumbling', 'NN'), ('infrastructure', 'NN')]"
31,leonardo dicaprio climate change documentary flood streaming free youtube,7.93139E+17,73,Neutral,leonardo dicaprio climate change documentary flood streaming free youtube,"[('leonardo', 'NN'), ('dicaprio', 'NN'), ('climate', 'NN'), ('change', 'NN'), ('documentary', 'JJ'), ('flood', 'NN'), ('streaming', 'VBG'), ('free', 'JJ'), ('youtube', 'NN')]"
32,watch beforetheflood right travels world tackle climate change htt,7.9314E+17,66,Positive,watch beforetheflood right travels world tackle climate change htt,"[('watch', 'NN'), ('beforetheflood', 'NN'), ('right', 'RB'), ('travels', 'VBZ'), ('world', 'NN'), ('tackle', 'NN'), ('climate', 'NN'), ('change', 'NN'), ('htt', 'NN')]"
33,climate change information watch flood leonardo dicaprio,7.9314E+17,56,Neutral,climate change information watch flood leonardo dicaprio,"[('climate', 'NN'), ('change', 'NN'), ('information', 'NN'), ('watch', 'NN'), ('flood', 'NN'), ('leonardo', 'NN'), ('dicaprio', 'NN')]"
34,g niggas asked inspiration told global warming,7.9314E+17,46,Neutral,g niggas asked inspiration told global warming,"[('g', 'NN'), ('niggas', 'NN'), ('asked', 'VBD'), ('inspiration', 'NN'), ('told', 'VBD'), ('global', 'JJ'), ('warming', 'NN')]"
35,team energy climate change check mcggovt fant https,7.93141E+17,51,Neutral,team energy climate change check mcggovt fant https,"[('team', 'NN'), ('energy', 'NN'), ('climate', 'NN'), ('change', 'NN'), ('check', 'NN'), ('mcggovt', 'NN'), ('fant', 'NN'), ('https', 'NN')]"
36,global warming real hell al gore told us leo dicaprio keep tryna tell us 82 degrees halloween sumn aint r,7.93141E+17,105,Positive,global warming real hell al gore told us leo dicaprio keep tryna tell us 82 degrees halloween sumn aint r,"[('global', 'JJ'), ('warming', 'VBG'), ('real', 'JJ'), ('hell', 'NN'), ('al', 'NN'), ('gore', 'NN'), ('told', 'VBD'), ('us', 'PRP'), ('leo', 'VB'), ('dicaprio', 'NN'), ('keep', 'VB'), ('tryna', 'NN'), ('tell', 'VB'), ('us', 'PRP'), ('82', 'CD'), ('degrees', 'NNS'), ('halloween', 'JJ'), ('sumn', 'NN'), ('aint', 'NN'), ('r', 'NN')]"
37,web truths climate change affects weather ad,7.93141E+17,44,Positive,web truths climate change affects weather ad,"[('web', 'JJ'), ('truths', 'JJ'), ('climate', 'NN'), ('change', 'NN'), ('affects', 'VBZ'), ('weather', 'JJR'), ('ad', 'NN')]"
38,watch beforetheflood right travels world tackle climate change htt,7.93142E+17,66,Positive,watch beforetheflood right travels world tackle climate change htt,"[('watch', 'NN'), ('beforetheflood', 'NN'), ('right', 'RB'), ('travels', 'VBZ'), ('world', 'NN'), ('tackle', 'NN'), ('climate', 'NN'), ('change', 'NN'), ('htt', 'NN')]"
39,watch beforetheflood right travels world tackle climate change htt,7.93143E+17,66,Positive,watch beforetheflood right travels world tackle climate change htt,"[('watch', 'NN'), ('beforetheflood', 'NN'), ('right', 'RB'), ('travels', 'VBZ'), ('world', 'NN'), ('tackle', 'NN'), ('climate', 'NN'), ('change', 'NN'), ('htt', 'NN')]"
40,watch beforetheflood right travels world tackle climate change htt,7.93143E+17,66,Positive,watch beforetheflood right travels world tackle climate change htt,"[('watch', 'NN'), ('beforetheflood', 'NN'), ('right', 'RB'), ('travels', 'VBZ'), ('world', 'NN'), ('tackle', 'NN'), ('climate', 'NN'), ('change', 'NN'), ('htt', 'NN')]"
41,l oreal named global leader climate change strategy healthcare comms news,7.93143E+17,73,News,l oreal named global leader climate change strategy healthcare comms news,"[('l', 'NN'), ('oreal', 'NN'), ('named', 'VBN'), ('global', 'JJ'), ('leader', 'NN'), ('climate', 'NN'), ('change', 'NN'), ('strategy', 'NN'), ('healthcare', 'NN'), ('comms', 'VBZ'), ('news', 'NN')]"
42,climate change goes unchecked many areas southern europe could become deserts scary https,7.93144E+17,89,Positive,climate change goes unchecked many areas southern europe could become deserts scary https,"[('climate', 'NN'), ('change', 'NN'), ('goes', 'VBZ'), ('unchecked', 'JJ'), ('many', 'JJ'), ('areas', 'NNS'), ('southern', 'VBP'), ('europe', 'NN'), ('could', 'MD'), ('become', 'VB'), ('deserts', 'NNS'), ('scary', 'JJ'), ('https', 'NN')]"
43,global warming real hell al gore told us leo dicaprio keep tryna tell us 82 degrees halloween sumn aint r,7.93146E+17,105,Positive,global warming real hell al gore told us leo dicaprio keep tryna tell us 82 degrees halloween sumn aint r,"[('global', 'JJ'), ('warming', 'VBG'), ('real', 'JJ'), ('hell', 'NN'), ('al', 'NN'), ('gore', 'NN'), ('told', 'VBD'), ('us', 'PRP'), ('leo', 'VB'), ('dicaprio', 'NN'), ('keep', 'VB'), ('tryna', 'NN'), ('tell', 'VB'), ('us', 'PRP'), ('82', 'CD'), ('degrees', 'NNS'), ('halloween', 'JJ'), ('sumn', 'NN'), ('aint', 'NN'), ('r', 'NN')]"
44,miss premier climate change documentary beforetheflood yesterday catch gt gt https,7.93147E+17,82,Positive,miss premier climate change documentary beforetheflood yesterday catch gt gt https,"[('miss', 'NNS'), ('premier', 'JJ'), ('climate', 'NN'), ('change', 'NN'), ('documentary', 'JJ'), ('beforetheflood', 'NN'), ('yesterday', 'NN'), ('catch', 'VBP'), ('gt', 'NN'), ('gt', 'NN'), ('https', 'NN')]"
45,watched everybody esp world leaders must stand together act climate change,7.93147E+17,74,Positive,watched everybody esp world leaders must stand together act climate change,"[('watched', 'VBN'), ('everybody', 'NN'), ('esp', 'JJ'), ('world', 'NN'), ('leaders', 'NNS'), ('must', 'MD'), ('stand', 'VB'), ('together', 'RB'), ('act', 'JJ'), ('climate', 'NN'), ('change', 'NN')]"
46,watch beforetheflood right travels world tackle climate change htt,7.93147E+17,66,Positive,watch beforetheflood right travels world tackle climate change htt,"[('watch', 'NN'), ('beforetheflood', 'NN'), ('right', 'RB'), ('travels', 'VBZ'), ('world', 'NN'), ('tackle', 'NN'), ('climate', 'NN'), ('change', 'NN'), ('htt', 'NN')]"
47,creating new think tank climate change would join post tweet also,7.93148E+17,65,Positive,creating new think tank climate change would join post tweet also,"[('creating', 'VBG'), ('new', 'JJ'), ('think', 'NN'), ('tank', 'NN'), ('climate', 'NN'), ('change', 'NN'), ('would', 'MD'), ('join', 'VB'), ('post', 'NN'), ('tweet', 'NN'), ('also', 'RB')]"
48,watch beforetheflood right travels world tackle climate change htt,7.93149E+17,66,Positive,watch beforetheflood right travels world tackle climate change htt,"[('watch', 'NN'), ('beforetheflood', 'NN'), ('right', 'RB'), ('travels', 'VBZ'), ('world', 'NN'), ('tackle', 'NN'), ('climate', 'NN'), ('change', 'NN'), ('htt', 'NN')]"
49,nicely said financiers philanthropists allies fight climate change french,7.93149E+17,73,Positive,nicely said financiers philanthropists allies fight climate change french,"[('nicely', 'RB'), ('said', 'VBD'), ('financiers', 'NNS'), ('philanthropists', 'NNS'), ('allies', 'NNS'), ('fight', 'VBP'), ('climate', 'NN'), ('change', 'NN'), ('french', 'JJ')]"
50,late fight climate change yearsproject,7.9315E+17,38,Positive,late fight climate change yearsproject,"[('late', 'RB'), ('fight', 'JJ'), ('climate', 'NN'), ('change', 'NN'), ('yearsproject', 'NN')]"
51,remarkable man work climate change impressive people need see,7.9315E+17,61,Positive,remarkable man work climate change impressive people need see,"[('remarkable', 'JJ'), ('man', 'NN'), ('work', 'NN'), ('climate', 'NN'), ('change', 'NN'), ('impressive', 'JJ'), ('people', 'NNS'), ('need', 'VBP'), ('see', 'VB')]"
52,trump called climate change hoax chinese tells michigan crowd environmentalist,7.9315E+17,78,Positive,trump called climate change hoax chinese tells michigan crowd environmentalist,"[('trump', 'NN'), ('called', 'VBN'), ('climate', 'NN'), ('change', 'NN'), ('hoax', 'VBZ'), ('chinese', 'JJ'), ('tells', 'NNS'), ('michigan', 'VBP'), ('crowd', 'JJ'), ('environmentalist', 'NN')]"
53,happens astronaut actor start conversation climate change,7.93151E+17,57,Positive,happens astronaut actor start conversation climate change,"[('happens', 'NNS'), ('astronaut', 'VBP'), ('actor', 'JJ'), ('start', 'NN'), ('conversation', 'NN'), ('climate', 'NN'), ('change', 'NN')]"
54,watch beforetheflood right travels world tackle climate change htt,7.93151E+17,66,Positive,watch beforetheflood right travels world tackle climate change htt,"[('watch', 'NN'), ('beforetheflood', 'NN'), ('right', 'RB'), ('travels', 'VBZ'), ('world', 'NN'), ('tackle', 'NN'), ('climate', 'NN'), ('change', 'NN'), ('htt', 'NN')]"
55,vows cancel billions climate change funds un adds environmentalist,7.93151E+17,66,News,vows cancel billions climate change funds un adds environmentalist,"[('vows', 'NNS'), ('cancel', 'VBP'), ('billions', 'NNS'), ('climate', 'VBP'), ('change', 'NN'), ('funds', 'NNS'), ('un', 'JJ'), ('adds', 'VBZ'), ('environmentalist', 'NN')]"
56,trump called climate change hoax chinese tells michigan crowd environmentalist,7.93152E+17,78,Positive,trump called climate change hoax chinese tells michigan crowd environmentalist,"[('trump', 'NN'), ('called', 'VBN'), ('climate', 'NN'), ('change', 'NN'), ('hoax', 'VBZ'), ('chinese', 'JJ'), ('tells', 'NNS'), ('michigan', 'VBP'), ('crowd', 'JJ'), ('environmentalist', 'NN')]"
57,vegan meat industry contributes greatly climate change deforestation,7.93152E+17,68,Positive,vegan meat industry contributes greatly climate change deforestation,"[('vegan', 'JJ'), ('meat', 'NN'), ('industry', 'NN'), ('contributes', 'VBZ'), ('greatly', 'RB'), ('climate', 'JJ'), ('change', 'NN'), ('deforestation', 'NN')]"
58,late fight climate change yearsproject,7.93154E+17,38,Positive,late fight climate change yearsproject,"[('late', 'RB'), ('fight', 'JJ'), ('climate', 'NN'), ('change', 'NN'), ('yearsproject', 'NN')]"
59,vows cancel billions climate change funds un adds environmentalist,7.93154E+17,66,News,vows cancel billions climate change funds un adds environmentalist,"[('vows', 'NNS'), ('cancel', 'VBP'), ('billions', 'NNS'), ('climate', 'VBP'), ('change', 'NN'), ('funds', 'NNS'), ('un', 'JJ'), ('adds', 'VBZ'), ('environmentalist', 'NN')]"
60,trump called climate change hoax chinese tells michigan crowd environmentalist,7.93155E+17,78,Positive,trump called climate change hoax chinese tells michigan crowd environmentalist,"[('trump', 'NN'), ('called', 'VBN'), ('climate', 'NN'), ('change', 'NN'), ('hoax', 'VBZ'), ('chinese', 'JJ'), ('tells', 'NNS'), ('michigan', 'VBP'), ('crowd', 'JJ'), ('environmentalist', 'NN')]"
61,watch leonardo dicaprio climate change documentary beforetheflood free online,7.93156E+17,77,Neutral,watch leonardo dicaprio climate change documentary beforetheflood free online,"[('watch', 'NN'), ('leonardo', 'NN'), ('dicaprio', 'NN'), ('climate', 'NN'), ('change', 'NN'), ('documentary', 'JJ'), ('beforetheflood', 'NN'), ('free', 'JJ'), ('online', 'NN')]"
62,climate change widely accepted 9 global warming effects may still surprise,7.93156E+17,74,Positive,climate change widely accepted 9 global warming effects may still surprise,"[('climate', 'NN'), ('change', 'NN'), ('widely', 'RB'), ('accepted', 'VBD'), ('9', 'CD'), ('global', 'JJ'), ('warming', 'VBG'), ('effects', 'NNS'), ('may', 'MD'), ('still', 'RB'), ('surprise', 'VB')]"
63,mediterranean become desert unless global warming limited 1 5c,7.93156E+17,62,Positive,mediterranean become desert unless global warming limited 1 5c,"[('mediterranean', 'JJ'), ('become', 'NN'), ('desert', 'NN'), ('unless', 'IN'), ('global', 'JJ'), ('warming', 'NN'), ('limited', 'VBD'), ('1', 'CD'), ('5c', 'CD')]"
64,2016 believe people still believe climate change effing science,7.93156E+17,63,Positive,2016 believe people still believe climate change effing science,"[('2016', 'CD'), ('believe', 'VBP'), ('people', 'NNS'), ('still', 'RB'), ('believe', 'VBP'), ('climate', 'NN'), ('change', 'NN'), ('effing', 'VBG'), ('science', 'NN')]"
65,respecting first nations sovereignty fighting petrocapitalism standing climate change get nodapl,7.93156E+17,96,Positive,respecting first nations sovereignty fighting petrocapitalism standing climate change get nodapl,"[('respecting', 'VBG'), ('first', 'JJ'), ('nations', 'NNS'), ('sovereignty', 'VBP'), ('fighting', 'VBG'), ('petrocapitalism', 'NN'), ('standing', 'VBG'), ('climate', 'NN'), ('change', 'NN'), ('get', 'VBP'), ('nodapl', 'JJ')]"
66,miss premier climate change documentary beforetheflood yesterday catch gt gt https,7.93158E+17,82,Positive,miss premier climate change documentary beforetheflood yesterday catch gt gt https,"[('miss', 'NNS'), ('premier', 'JJ'), ('climate', 'NN'), ('change', 'NN'), ('documentary', 'JJ'), ('beforetheflood', 'NN'), ('yesterday', 'NN'), ('catch', 'VBP'), ('gt', 'NN'), ('gt', 'NN'), ('https', 'NN')]"
67,new climate change film streaming beforetheflood,7.93159E+17,48,News,new climate change film streaming beforetheflood,"[('new', 'JJ'), ('climate', 'NN'), ('change', 'NN'), ('film', 'NN'), ('streaming', 'VBG'), ('beforetheflood', 'NN')]"
68,huge climate change victory happened rwanda people noticed,7.93159E+17,58,Positive,huge climate change victory happened rwanda people noticed,"[('huge', 'JJ'), ('climate', 'NN'), ('change', 'NN'), ('victory', 'NN'), ('happened', 'VBD'), ('rwanda', 'JJ'), ('people', 'NNS'), ('noticed', 'VBD')]"
69,page asked dad watch documentary came climate change legit turned trump vs hillary thing,7.93159E+17,88,Neutral,page asked dad watch documentary came climate change legit turned trump vs hillary thing,"[('page', 'NN'), ('asked', 'VBD'), ('dad', 'JJ'), ('watch', 'NN'), ('documentary', 'NN'), ('came', 'VBD'), ('climate', 'JJ'), ('change', 'NN'), ('legit', 'NN'), ('turned', 'VBD'), ('trump', 'JJ'), ('vs', 'JJ'), ('hillary', 'JJ'), ('thing', 'NN')]"
70,everyone glad 80 degree weather october stop thinking global warming,7.9316E+17,68,Positive,everyone glad 80 degree weather october stop thinking global warming,"[('everyone', 'NN'), ('glad', 'JJ'), ('80', 'CD'), ('degree', 'NN'), ('weather', 'NN'), ('october', 'NNP'), ('stop', 'NN'), ('thinking', 'VBG'), ('global', 'JJ'), ('warming', 'NN')]"
71,leo come leo im busy friend said global warming real leo,7.9316E+17,56,Neutral,leo come leo im busy friend said global warming real leo,"[('leo', 'JJ'), ('come', 'VB'), ('leo', 'JJ'), ('im', 'JJ'), ('busy', 'JJ'), ('friend', 'NN'), ('said', 'VBD'), ('global', 'JJ'), ('warming', 'NN'), ('real', 'JJ'), ('leo', 'NN')]"
72,al gore creator internet global warming,7.9316E+17,39,Neutral,al gore creator internet global warming,"[('al', 'NN'), ('gore', 'NN'), ('creator', 'NN'), ('internet', 'NN'), ('global', 'JJ'), ('warming', 'NN')]"
73,prepping talk pasignyc thinking nodapl climate change water abou,7.9316E+17,64,Positive,prepping talk pasignyc thinking nodapl climate change water abou,"[('prepping', 'VBG'), ('talk', 'NN'), ('pasignyc', 'IN'), ('thinking', 'VBG'), ('nodapl', 'JJ'), ('climate', 'NN'), ('change', 'NN'), ('water', 'NN'), ('abou', 'NN')]"
74,important article need 2 make nodapl climate change thus erasing struggle native rights,7.93161E+17,87,Positive,important article need 2 make nodapl climate change thus erasing struggle native rights,"[('important', 'JJ'), ('article', 'NN'), ('need', 'VBP'), ('2', 'CD'), ('make', 'VBP'), ('nodapl', 'JJ'), ('climate', 'NN'), ('change', 'NN'), ('thus', 'RB'), ('erasing', 'VBG'), ('struggle', 'NNS'), ('native', 'JJ'), ('rights', 'NNS')]"
75,trend toward increased acceptance climate change acceptance human caused flat science2016electi,7.93162E+17,95,Neutral,trend toward increased acceptance climate change acceptance human caused flat science2016electi,"[('trend', 'NN'), ('toward', 'IN'), ('increased', 'VBN'), ('acceptance', 'NN'), ('climate', 'NN'), ('change', 'NN'), ('acceptance', 'NN'), ('human', 'NN'), ('caused', 'VBD'), ('flat', 'JJ'), ('science2016electi', 'NN')]"
76,watch beforetheflood right travels world tackle climate change htt,7.93163E+17,66,Positive,watch beforetheflood right travels world tackle climate change htt,"[('watch', 'NN'), ('beforetheflood', 'NN'), ('right', 'RB'), ('travels', 'VBZ'), ('world', 'NN'), ('tackle', 'NN'), ('climate', 'NN'), ('change', 'NN'), ('htt', 'NN')]"
77,watch periscope global warming winston neace,7.93164E+17,44,Neutral,watch periscope global warming winston neace,"[('watch', 'NN'), ('periscope', 'NN'), ('global', 'JJ'), ('warming', 'VBG'), ('winston', 'NN'), ('neace', 'NN')]"
78,yes wrote 3rd yr comp sci ethics part told climate change denying lecturer wrong amp marked,7.93164E+17,91,Positive,yes wrote 3rd yr comp sci ethics part told climate change denying lecturer wrong amp marked,"[('yes', 'RB'), ('wrote', 'VBD'), ('3rd', 'CD'), ('yr', 'NN'), ('comp', 'NN'), ('sci', 'NN'), ('ethics', 'NNS'), ('part', 'NN'), ('told', 'VBD'), ('climate', 'NN'), ('change', 'NN'), ('denying', 'VBG'), ('lecturer', 'NN'), ('wrong', 'JJ'), ('amp', 'NN'), ('marked', 'VBD')]"
79,national geographic climate change doc dicaprio youtube,7.93165E+17,55,Neutral,national geographic climate change doc dicaprio youtube,"[('national', 'JJ'), ('geographic', 'JJ'), ('climate', 'NN'), ('change', 'NN'), ('doc', 'NN'), ('dicaprio', 'NN'), ('youtube', 'NN')]"
80,get climate change political issue clearly scientific fact,7.93166E+17,58,Positive,get climate change political issue clearly scientific fact,"[('get', 'VB'), ('climate', 'JJ'), ('change', 'NN'), ('political', 'JJ'), ('issue', 'NN'), ('clearly', 'RB'), ('scientific', 'JJ'), ('fact', 'NN')]"
81,ghosts cool environment could use combat global warming funny,7.93166E+17,61,Neutral,ghosts cool environment could use combat global warming funny,"[('ghosts', 'NNS'), ('cool', 'VBP'), ('environment', 'NN'), ('could', 'MD'), ('use', 'VB'), ('combat', 'NN'), ('global', 'JJ'), ('warming', 'NN'), ('funny', 'NN')]"
82,mycroft like believing global warming opposing war make world peaceful place,7.93166E+17,76,Positive,mycroft like believing global warming opposing war make world peaceful place,"[('mycroft', 'NNS'), ('like', 'IN'), ('believing', 'VBG'), ('global', 'JJ'), ('warming', 'VBG'), ('opposing', 'VBG'), ('war', 'NN'), ('make', 'VBP'), ('world', 'NN'), ('peaceful', 'JJ'), ('place', 'NN')]"
83,watch beforetheflood right travels world tackle climate change htt,7.93166E+17,66,Positive,watch beforetheflood right travels world tackle climate change htt,"[('watch', 'NN'), ('beforetheflood', 'NN'), ('right', 'RB'), ('travels', 'VBZ'), ('world', 'NN'), ('tackle', 'NN'), ('climate', 'NN'), ('change', 'NN'), ('htt', 'NN')]"
84,watch beforetheflood right travels world tackle climate change htt,7.93166E+17,66,Positive,watch beforetheflood right travels world tackle climate change htt,"[('watch', 'NN'), ('beforetheflood', 'NN'), ('right', 'RB'), ('travels', 'VBZ'), ('world', 'NN'), ('tackle', 'NN'), ('climate', 'NN'), ('change', 'NN'), ('htt', 'NN')]"
85,millennials get vote doomed future lets fixing climate change womens rig,7.93167E+17,72,Positive,millennials get vote doomed future lets fixing climate change womens rig,"[('millennials', 'NNS'), ('get', 'VBP'), ('vote', 'NN'), ('doomed', 'VBN'), ('future', 'JJ'), ('lets', 'NNS'), ('fixing', 'VBG'), ('climate', 'NN'), ('change', 'NN'), ('womens', 'VBZ'), ('rig', 'NN')]"
86,leo come leo im busy friend said global warming real leo,7.93168E+17,56,Neutral,leo come leo im busy friend said global warming real leo,"[('leo', 'JJ'), ('come', 'VB'), ('leo', 'JJ'), ('im', 'JJ'), ('busy', 'JJ'), ('friend', 'NN'), ('said', 'VBD'), ('global', 'JJ'), ('warming', 'NN'), ('real', 'JJ'), ('leo', 'NN')]"
87,al might related wright brothers think solved global warming sent emails everyone,7.93168E+17,81,Neutral,al might related wright brothers think solved global warming sent emails everyone,"[('al', 'NN'), ('might', 'MD'), ('related', 'VB'), ('wright', 'JJ'), ('brothers', 'NNS'), ('think', 'VBP'), ('solved', 'VBN'), ('global', 'JJ'), ('warming', 'NN'), ('sent', 'VBD'), ('emails', 'NNS'), ('everyone', 'NN')]"
88,9 ways global warming affecting daily life lakes disappearing drinking water supply risk via,7.93169E+17,92,Positive,9 ways global warming affecting daily life lakes disappearing drinking water supply risk via,"[('9', 'CD'), ('ways', 'NNS'), ('global', 'JJ'), ('warming', 'VBG'), ('affecting', 'VBG'), ('daily', 'JJ'), ('life', 'NN'), ('lakes', 'NNS'), ('disappearing', 'VBG'), ('drinking', 'NN'), ('water', 'NN'), ('supply', 'NN'), ('risk', 'NN'), ('via', 'IN')]"
89,weather mediterranean become desert unless global warming limited 1 5 c study warns inhabitat forecast,7.93169E+17,102,News,weather mediterranean become desert unless global warming limited 1 5 c study warns inhabitat forecast,"[('weather', 'NN'), ('mediterranean', 'VBZ'), ('become', 'VBN'), ('desert', 'JJ'), ('unless', 'IN'), ('global', 'JJ'), ('warming', 'NN'), ('limited', 'VBD'), ('1', 'CD'), ('5', 'CD'), ('c', 'NN'), ('study', 'NN'), ('warns', 'VBZ'), ('inhabitat', 'JJ'), ('forecast', 'NN')]"
90,weather mediterranean become desert unless global warming limited 1 5 c study warns inhabitat forecast,7.93169E+17,102,News,weather mediterranean become desert unless global warming limited 1 5 c study warns inhabitat forecast,"[('weather', 'NN'), ('mediterranean', 'VBZ'), ('become', 'VBN'), ('desert', 'JJ'), ('unless', 'IN'), ('global', 'JJ'), ('warming', 'NN'), ('limited', 'VBD'), ('1', 'CD'), ('5', 'CD'), ('c', 'NN'), ('study', 'NN'), ('warns', 'VBZ'), ('inhabitat', 'JJ'), ('forecast', 'NN')]"
91,watch beforetheflood right travels world tackle climate change htt,7.93169E+17,66,Positive,watch beforetheflood right travels world tackle climate change htt,"[('watch', 'NN'), ('beforetheflood', 'NN'), ('right', 'RB'), ('travels', 'VBZ'), ('world', 'NN'), ('tackle', 'NN'), ('climate', 'NN'), ('change', 'NN'), ('htt', 'NN')]"
92,term global warming controversial among conservatives climate change liberals care sciwri16,7.9317E+17,91,Neutral,term global warming controversial among conservatives climate change liberals care sciwri16,"[('term', 'NN'), ('global', 'JJ'), ('warming', 'VBG'), ('controversial', 'JJ'), ('among', 'IN'), ('conservatives', 'NNS'), ('climate', 'VBP'), ('change', 'NN'), ('liberals', 'NNS'), ('care', 'VBP'), ('sciwri16', 'NN')]"
93,watch leonardo dicaprio climate change documentary free limited time,7.9317E+17,68,Neutral,watch leonardo dicaprio climate change documentary free limited time,"[('watch', 'NN'), ('leonardo', 'NN'), ('dicaprio', 'NN'), ('climate', 'NN'), ('change', 'NN'), ('documentary', 'JJ'), ('free', 'JJ'), ('limited', 'VBD'), ('time', 'NN')]"
94,global warming help drive record election turnout,7.9317E+17,49,News,global warming help drive record election turnout,"[('global', 'JJ'), ('warming', 'NN'), ('help', 'NN'), ('drive', 'NN'), ('record', 'NN'), ('election', 'NN'), ('turnout', 'IN')]"
95,alberta tories losing big issue used attack notley approach climate change,7.9317E+17,74,News,alberta tories losing big issue used attack notley approach climate change,"[('alberta', 'JJ'), ('tories', 'NNS'), ('losing', 'VBG'), ('big', 'JJ'), ('issue', 'NN'), ('used', 'VBN'), ('attack', 'NN'), ('notley', 'JJ'), ('approach', 'NN'), ('climate', 'NN'), ('change', 'NN')]"
96,madisonwalsh believe global warming come tallahassee rn,7.93171E+17,55,Positive,madisonwalsh believe global warming come tallahassee rn,"[('madisonwalsh', 'NN'), ('believe', 'VBP'), ('global', 'JJ'), ('warming', 'NN'), ('come', 'VB'), ('tallahassee', 'NN'), ('rn', 'NN')]"
97,entered alarming new era global warming via,7.93171E+17,43,Positive,entered alarming new era global warming via,"[('entered', 'VBN'), ('alarming', 'VBG'), ('new', 'JJ'), ('era', 'NN'), ('global', 'JJ'), ('warming', 'NN'), ('via', 'IN')]"
98,global warming real hell al gore told us leo dicaprio keep tryna tell us 82 degrees halloween sumn aint r,7.93172E+17,105,Positive,global warming real hell al gore told us leo dicaprio keep tryna tell us 82 degrees halloween sumn aint r,"[('global', 'JJ'), ('warming', 'VBG'), ('real', 'JJ'), ('hell', 'NN'), ('al', 'NN'), ('gore', 'NN'), ('told', 'VBD'), ('us', 'PRP'), ('leo', 'VB'), ('dicaprio', 'NN'), ('keep', 'VB'), ('tryna', 'NN'), ('tell', 'VB'), ('us', 'PRP'), ('82', 'CD'), ('degrees', 'NNS'), ('halloween', 'JJ'), ('sumn', 'NN'), ('aint', 'NN'), ('r', 'NN')]"
99,listen 58 years climate change one minute pbs newshour,7.93172E+17,54,News,listen 58 years climate change one minute pbs newshour,"[('listen', 'RB'), ('58', 'CD'), ('years', 'NNS'), ('climate', 'VBP'), ('change', 'NN'), ('one', 'CD'), ('minute', 'NN'), ('pbs', 'VBZ'), ('newshour', 'NNS')]"
100,climate change expect asteroids become frequent powerful,7.93172E+17,56,Neutral,climate change expect asteroids become frequent powerful,"[('climate', 'NN'), ('change', 'NN'), ('expect', 'VBP'), ('asteroids', 'VBZ'), ('become', 'JJ'), ('frequent', 'JJ'), ('powerful', 'JJ')]"
101,watch beforetheflood right travels world tackle climate change htt,7.93173E+17,66,Positive,watch beforetheflood right travels world tackle climate change htt,"[('watch', 'NN'), ('beforetheflood', 'NN'), ('right', 'RB'), ('travels', 'VBZ'), ('world', 'NN'), ('tackle', 'NN'), ('climate', 'NN'), ('change', 'NN'), ('htt', 'NN')]"
102,pantaloon swear 80 degrees christmas personally defeat global warming revenge dish best served cold,7.93174E+17,99,Positive,pantaloon swear 80 degrees christmas personally defeat global warming revenge dish best served cold,"[('pantaloon', 'NN'), ('swear', 'VBP'), ('80', 'CD'), ('degrees', 'NNS'), ('christmas', 'VBP'), ('personally', 'RB'), ('defeat', 'JJ'), ('global', 'JJ'), ('warming', 'NN'), ('revenge', 'NN'), ('dish', 'NN'), ('best', 'JJS'), ('served', 'VBD'), ('cold', 'NN')]"
103,watch beforetheflood right travels world tackle climate change htt,7.93175E+17,66,Positive,watch beforetheflood right travels world tackle climate change htt,"[('watch', 'NN'), ('beforetheflood', 'NN'), ('right', 'RB'), ('travels', 'VBZ'), ('world', 'NN'), ('tackle', 'NN'), ('climate', 'NN'), ('change', 'NN'), ('htt', 'NN')]"
104,creating new think tank climate change would join post tweet also,7.93175E+17,65,Positive,creating new think tank climate change would join post tweet also,"[('creating', 'VBG'), ('new', 'JJ'), ('think', 'NN'), ('tank', 'NN'), ('climate', 'NN'), ('change', 'NN'), ('would', 'MD'), ('join', 'VB'), ('post', 'NN'), ('tweet', 'NN'), ('also', 'RB')]"
105,recent pattern cloud cover may masked global warming,7.93176E+17,52,News,recent pattern cloud cover may masked global warming,"[('recent', 'JJ'), ('pattern', 'NN'), ('cloud', 'VBP'), ('cover', 'NN'), ('may', 'MD'), ('masked', 'VB'), ('global', 'JJ'), ('warming', 'NN')]"
106,satellites help scientists see forests trees amid climate change via com,7.93176E+17,72,News,satellites help scientists see forests trees amid climate change via com,"[('satellites', 'NNS'), ('help', 'VBP'), ('scientists', 'NNS'), ('see', 'VBP'), ('forests', 'NNS'), ('trees', 'NNS'), ('amid', 'IN'), ('climate', 'JJ'), ('change', 'NN'), ('via', 'IN'), ('com', 'NN')]"
107,watch beforetheflood right travels world tackle climate change htt,7.93176E+17,66,Positive,watch beforetheflood right travels world tackle climate change htt,"[('watch', 'NN'), ('beforetheflood', 'NN'), ('right', 'RB'), ('travels', 'VBZ'), ('world', 'NN'), ('tackle', 'NN'), ('climate', 'NN'), ('change', 'NN'), ('htt', 'NN')]"
108,listen 58 years climate change one minute via,7.93176E+17,45,Positive,listen 58 years climate change one minute via,"[('listen', 'RB'), ('58', 'CD'), ('years', 'NNS'), ('climate', 'VBP'), ('change', 'NN'), ('one', 'CD'), ('minute', 'NN'), ('via', 'IN')]"
109,new climate change film streaming beforetheflood,7.93177E+17,48,News,new climate change film streaming beforetheflood,"[('new', 'JJ'), ('climate', 'NN'), ('change', 'NN'), ('film', 'NN'), ('streaming', 'VBG'), ('beforetheflood', 'NN')]"
110,satellites help scientists see forests trees amid climate change,7.93178E+17,64,News,satellites help scientists see forests trees amid climate change,"[('satellites', 'NNS'), ('help', 'VBP'), ('scientists', 'NNS'), ('see', 'VBP'), ('forests', 'NNS'), ('trees', 'NNS'), ('amid', 'IN'), ('climate', 'NN'), ('change', 'NN')]"
111,global warming real hell al gore told us leo dicaprio keep tryna tell us 82 degrees halloween sumn aint r,7.93178E+17,105,Positive,global warming real hell al gore told us leo dicaprio keep tryna tell us 82 degrees halloween sumn aint r,"[('global', 'JJ'), ('warming', 'VBG'), ('real', 'JJ'), ('hell', 'NN'), ('al', 'NN'), ('gore', 'NN'), ('told', 'VBD'), ('us', 'PRP'), ('leo', 'VB'), ('dicaprio', 'NN'), ('keep', 'VB'), ('tryna', 'NN'), ('tell', 'VB'), ('us', 'PRP'), ('82', 'CD'), ('degrees', 'NNS'), ('halloween', 'JJ'), ('sumn', 'NN'), ('aint', 'NN'), ('r', 'NN')]"
112,watch beforetheflood right travels world tackle climate change htt,7.93178E+17,66,Positive,watch beforetheflood right travels world tackle climate change htt,"[('watch', 'NN'), ('beforetheflood', 'NN'), ('right', 'RB'), ('travels', 'VBZ'), ('world', 'NN'), ('tackle', 'NN'), ('climate', 'NN'), ('change', 'NN'), ('htt', 'NN')]"
113,halloween gets lot scarier consider bc global warming 80 degrees october amp destroy,7.93179E+17,84,Positive,halloween gets lot scarier consider bc global warming 80 degrees october amp destroy,"[('halloween', 'JJ'), ('gets', 'VBZ'), ('lot', 'NN'), ('scarier', 'JJR'), ('consider', 'JJR'), ('bc', 'NN'), ('global', 'JJ'), ('warming', 'VBG'), ('80', 'CD'), ('degrees', 'NNS'), ('october', 'VBP'), ('amp', 'JJ'), ('destroy', 'NN')]"
114,exactly fixing economy amp addressing climate change w emergency greennewdeal dire,7.93179E+17,82,Positive,exactly fixing economy amp addressing climate change w emergency greennewdeal dire,"[('exactly', 'RB'), ('fixing', 'VBG'), ('economy', 'NN'), ('amp', 'JJ'), ('addressing', 'JJ'), ('climate', 'NN'), ('change', 'NN'), ('w', 'NN'), ('emergency', 'NN'), ('greennewdeal', 'NN'), ('dire', 'NN')]"
115,halloween gets lot scarier consider bc global warming 80 degrees october amp destroy,7.93179E+17,84,Positive,halloween gets lot scarier consider bc global warming 80 degrees october amp destroy,"[('halloween', 'JJ'), ('gets', 'VBZ'), ('lot', 'NN'), ('scarier', 'JJR'), ('consider', 'JJR'), ('bc', 'NN'), ('global', 'JJ'), ('warming', 'VBG'), ('80', 'CD'), ('degrees', 'NNS'), ('october', 'VBP'), ('amp', 'JJ'), ('destroy', 'NN')]"
116,single question climate change debates boggles mind debate q,7.93179E+17,60,Positive,single question climate change debates boggles mind debate q,"[('single', 'JJ'), ('question', 'NN'), ('climate', 'NN'), ('change', 'NN'), ('debates', 'VBZ'), ('boggles', 'NNS'), ('mind', 'VB'), ('debate', 'NN'), ('q', 'NN')]"
117,really want nation leader promotes bigotry racism anti women anti journalism anti climate change,7.9318E+17,96,Positive,really want nation leader promotes bigotry racism anti women anti journalism anti climate change,"[('really', 'RB'), ('want', 'JJ'), ('nation', 'NN'), ('leader', 'NN'), ('promotes', 'VBZ'), ('bigotry', 'VBP'), ('racism', 'NN'), ('anti', 'JJ'), ('women', 'NNS'), ('anti', 'VBP'), ('journalism', 'NN'), ('anti', 'JJ'), ('climate', 'NN'), ('change', 'NN')]"
118,halloween ok really wanna get scared watch new climate change doc,7.9318E+17,65,Positive,halloween ok really wanna get scared watch new climate change doc,"[('halloween', 'JJ'), ('ok', 'MD'), ('really', 'RB'), ('wan', 'VB'), ('na', 'TO'), ('get', 'VB'), ('scared', 'JJ'), ('watch', 'VB'), ('new', 'JJ'), ('climate', 'NN'), ('change', 'NN'), ('doc', 'NN')]"
119,watch beforetheflood right travels world tackle climate change htt,7.93181E+17,66,Positive,watch beforetheflood right travels world tackle climate change htt,"[('watch', 'NN'), ('beforetheflood', 'NN'), ('right', 'RB'), ('travels', 'VBZ'), ('world', 'NN'), ('tackle', 'NN'), ('climate', 'NN'), ('change', 'NN'), ('htt', 'NN')]"
120,100 agree climate change choices election look 100 steps backwards 50 steps forward zero,7.93182E+17,88,Positive,100 agree climate change choices election look 100 steps backwards 50 steps forward zero,"[('100', 'CD'), ('agree', 'JJ'), ('climate', 'NN'), ('change', 'NN'), ('choices', 'NNS'), ('election', 'NN'), ('look', 'VBP'), ('100', 'CD'), ('steps', 'NNS'), ('backwards', 'NNS'), ('50', 'CD'), ('steps', 'NNS'), ('forward', 'RB'), ('zero', 'VBP')]"
121,halloween ok really wanna get scared watch new climate change doc,7.93182E+17,65,Positive,halloween ok really wanna get scared watch new climate change doc,"[('halloween', 'JJ'), ('ok', 'MD'), ('really', 'RB'), ('wan', 'VB'), ('na', 'TO'), ('get', 'VB'), ('scared', 'JJ'), ('watch', 'VB'), ('new', 'JJ'), ('climate', 'NN'), ('change', 'NN'), ('doc', 'NN')]"
122,75 degrees stl last day october global warming hoax,7.93194E+17,51,Neutral,75 degrees stl last day october global warming hoax,"[('75', 'CD'), ('degrees', 'NNS'), ('stl', 'JJ'), ('last', 'JJ'), ('day', 'NN'), ('october', 'VBD'), ('global', 'JJ'), ('warming', 'NN'), ('hoax', 'NN')]"
123,still believe global warming smh,7.93195E+17,32,Positive,still believe global warming smh,"[('still', 'RB'), ('believe', 'VB'), ('global', 'JJ'), ('warming', 'NN'), ('smh', 'NN')]"
124,everyone must watch beforetheflood great documentary produced amp team showing effects climate change eye opening,7.93195E+17,113,Positive,everyone must watch beforetheflood great documentary produced amp team showing effects climate change eye opening,"[('everyone', 'NN'), ('must', 'MD'), ('watch', 'VB'), ('beforetheflood', 'NN'), ('great', 'JJ'), ('documentary', 'NN'), ('produced', 'VBD'), ('amp', 'JJ'), ('team', 'NN'), ('showing', 'VBG'), ('effects', 'NNS'), ('climate', 'JJ'), ('change', 'NN'), ('eye', 'NN'), ('opening', 'NN')]"
125,understand climate change natural necessarily caused humans snowed miami atlantic froze,7.93195E+17,87,Negative,understand climate change natural necessarily caused humans snowed miami atlantic froze,"[('understand', 'JJ'), ('climate', 'NN'), ('change', 'NN'), ('natural', 'JJ'), ('necessarily', 'RB'), ('caused', 'VBD'), ('humans', 'NNS'), ('snowed', 'VBD'), ('miami', 'JJ'), ('atlantic', 'JJ'), ('froze', 'NN')]"
126,recent pattern cloud cover may masked global warming,7.93196E+17,52,News,recent pattern cloud cover may masked global warming,"[('recent', 'JJ'), ('pattern', 'NN'), ('cloud', 'VBP'), ('cover', 'NN'), ('may', 'MD'), ('masked', 'VB'), ('global', 'JJ'), ('warming', 'NN')]"
127,google odd know manipulate search results woke climate change documentary loaded youtube 1 2,7.93196E+17,92,Neutral,google odd know manipulate search results woke climate change documentary loaded youtube 1 2,"[('google', 'NN'), ('odd', 'NN'), ('know', 'VBP'), ('manipulate', 'JJ'), ('search', 'NN'), ('results', 'NNS'), ('woke', 'VBD'), ('climate', 'JJ'), ('change', 'NN'), ('documentary', 'NN'), ('loaded', 'VBD'), ('youtube', 'RB'), ('1', 'CD'), ('2', 'CD')]"
128,human cost climate change high need get fossil fuels renewable energy 2030 ho,7.93197E+17,77,Positive,human cost climate change high need get fossil fuels renewable energy 2030 ho,"[('human', 'JJ'), ('cost', 'NN'), ('climate', 'NN'), ('change', 'NN'), ('high', 'JJ'), ('need', 'NN'), ('get', 'VBP'), ('fossil', 'JJ'), ('fuels', 'NNS'), ('renewable', 'JJ'), ('energy', 'NN'), ('2030', 'CD'), ('ho', 'NN')]"
129,4 days ambitious climate change agreement history enters force read parisagreement,7.93197E+17,82,Neutral,4 days ambitious climate change agreement history enters force read parisagreement,"[('4', 'CD'), ('days', 'NNS'), ('ambitious', 'JJ'), ('climate', 'NN'), ('change', 'NN'), ('agreement', 'NN'), ('history', 'NN'), ('enters', 'NNS'), ('force', 'VBP'), ('read', 'JJ'), ('parisagreement', 'NN')]"
130,18 last day fucking october feels like fucking spring smh shout fucking global warming one time,7.93197E+17,95,Positive,18 last day fucking october feels like fucking spring smh shout fucking global warming one time,"[('18', 'CD'), ('last', 'JJ'), ('day', 'NN'), ('fucking', 'VBG'), ('october', 'JJ'), ('feels', 'NNS'), ('like', 'IN'), ('fucking', 'VBG'), ('spring', 'NN'), ('smh', 'NN'), ('shout', 'NN'), ('fucking', 'VBG'), ('global', 'JJ'), ('warming', 'VBG'), ('one', 'CD'), ('time', 'NN')]"
131,niggas asked inspiration l said global warming,7.93198E+17,46,Neutral,niggas asked inspiration l said global warming,"[('niggas', 'NN'), ('asked', 'VBD'), ('inspiration', 'NN'), ('l', 'NN'), ('said', 'VBD'), ('global', 'JJ'), ('warming', 'NN')]"
132,watch beforetheflood right travels world tackle climate change htt,7.93198E+17,66,Positive,watch beforetheflood right travels world tackle climate change htt,"[('watch', 'NN'), ('beforetheflood', 'NN'), ('right', 'RB'), ('travels', 'VBZ'), ('world', 'NN'), ('tackle', 'NN'), ('climate', 'NN'), ('change', 'NN'), ('htt', 'NN')]"
133,ask inspiration tell em global warming cozy,7.93199E+17,43,Neutral,ask inspiration tell em global warming cozy,"[('ask', 'JJ'), ('inspiration', 'NN'), ('tell', 'NN'), ('em', 'VBZ'), ('global', 'JJ'), ('warming', 'NN'), ('cozy', 'NN')]"
134,guilbeault canada ready climate change report warns,7.932E+17,51,News,guilbeault canada ready climate change report warns,"[('guilbeault', 'NN'), ('canada', 'NNS'), ('ready', 'JJ'), ('climate', 'VBP'), ('change', 'JJ'), ('report', 'NN'), ('warns', 'NNS')]"
135,probably scariest thing watch halloween leonardo di caprio climate change documentary,7.932E+17,85,Positive,probably scariest thing watch halloween leonardo di caprio climate change documentary,"[('probably', 'RB'), ('scariest', 'JJS'), ('thing', 'NN'), ('watch', 'NN'), ('halloween', 'NN'), ('leonardo', 'NN'), ('di', 'NN'), ('caprio', 'NN'), ('climate', 'NN'), ('change', 'NN'), ('documentary', 'NN')]"
136,watch beforetheflood right travels world tackle climate change htt,7.932E+17,66,Positive,watch beforetheflood right travels world tackle climate change htt,"[('watch', 'NN'), ('beforetheflood', 'NN'), ('right', 'RB'), ('travels', 'VBZ'), ('world', 'NN'), ('tackle', 'NN'), ('climate', 'NN'), ('change', 'NN'), ('htt', 'NN')]"
137,one easiest ways help combat climate change daily life stop eating beef,7.932E+17,71,Positive,one easiest ways help combat climate change daily life stop eating beef,"[('one', 'CD'), ('easiest', 'JJS'), ('ways', 'NNS'), ('help', 'VBP'), ('combat', 'NN'), ('climate', 'NN'), ('change', 'NN'), ('daily', 'JJ'), ('life', 'NN'), ('stop', 'NN'), ('eating', 'NN'), ('beef', 'NN')]"
138,halloween gets lot scarier consider bc global warming 80 degrees october amp destroy,7.93202E+17,84,Positive,halloween gets lot scarier consider bc global warming 80 degrees october amp destroy,"[('halloween', 'JJ'), ('gets', 'VBZ'), ('lot', 'NN'), ('scarier', 'JJR'), ('consider', 'JJR'), ('bc', 'NN'), ('global', 'JJ'), ('warming', 'VBG'), ('80', 'CD'), ('degrees', 'NNS'), ('october', 'VBP'), ('amp', 'JJ'), ('destroy', 'NN')]"
139,main emitters greenhouse gas must help vulnerable countries like madagascar avoid worst effects climate change htt,7.93203E+17,114,Positive,main emitters greenhouse gas must help vulnerable countries like madagascar avoid worst effects climate change htt,"[('main', 'JJ'), ('emitters', 'NNS'), ('greenhouse', 'VBP'), ('gas', 'NN'), ('must', 'MD'), ('help', 'VB'), ('vulnerable', 'JJ'), ('countries', 'NNS'), ('like', 'IN'), ('madagascar', 'NN'), ('avoid', 'VBP'), ('worst', 'JJS'), ('effects', 'NNS'), ('climate', 'VBP'), ('change', 'NN'), ('htt', 'NN')]"
140,8 disgusting side effects climate change,7.93204E+17,40,Positive,8 disgusting side effects climate change,"[('8', 'CD'), ('disgusting', 'JJ'), ('side', 'NN'), ('effects', 'NNS'), ('climate', 'VBP'), ('change', 'NN')]"
141,one easiest ways help combat climate change daily life stop eating beef,7.93204E+17,71,Positive,one easiest ways help combat climate change daily life stop eating beef,"[('one', 'CD'), ('easiest', 'JJS'), ('ways', 'NNS'), ('help', 'VBP'), ('combat', 'NN'), ('climate', 'NN'), ('change', 'NN'), ('daily', 'JJ'), ('life', 'NN'), ('stop', 'NN'), ('eating', 'NN'), ('beef', 'NN')]"
142,global warming real man,7.93204E+17,23,Positive,global warming real man,"[('global', 'JJ'), ('warming', 'VBG'), ('real', 'JJ'), ('man', 'NN')]"
143,recent pattern cloud cover may masked global warming ars technica,7.93205E+17,65,News,recent pattern cloud cover may masked global warming ars technica,"[('recent', 'JJ'), ('pattern', 'NN'), ('cloud', 'VBP'), ('cover', 'NN'), ('may', 'MD'), ('masked', 'VB'), ('global', 'JJ'), ('warming', 'NN'), ('ars', 'NNS'), ('technica', 'VBP')]"
144,watch beforetheflood right travels world tackle climate change htt,7.93206E+17,66,Positive,watch beforetheflood right travels world tackle climate change htt,"[('watch', 'NN'), ('beforetheflood', 'NN'), ('right', 'RB'), ('travels', 'VBZ'), ('world', 'NN'), ('tackle', 'NN'), ('climate', 'NN'), ('change', 'NN'), ('htt', 'NN')]"
145,dakota access pipeline would huge blow fight climate change nodapl,7.93207E+17,66,Positive,dakota access pipeline would huge blow fight climate change nodapl,"[('dakota', 'JJ'), ('access', 'NN'), ('pipeline', 'NN'), ('would', 'MD'), ('huge', 'JJ'), ('blow', 'VB'), ('fight', 'JJ'), ('climate', 'NN'), ('change', 'NN'), ('nodapl', 'NN')]"
146,watch beforetheflood right travels world tackle climate change htt,7.93207E+17,66,Positive,watch beforetheflood right travels world tackle climate change htt,"[('watch', 'NN'), ('beforetheflood', 'NN'), ('right', 'RB'), ('travels', 'VBZ'), ('world', 'NN'), ('tackle', 'NN'), ('climate', 'NN'), ('change', 'NN'), ('htt', 'NN')]"
147,watching docu funny talk something climate change yet nothing dapl nodapl climateaction,7.93208E+17,87,Positive,watching docu funny talk something climate change yet nothing dapl nodapl climateaction,"[('watching', 'VBG'), ('docu', 'NN'), ('funny', 'JJ'), ('talk', 'NN'), ('something', 'NN'), ('climate', 'NN'), ('change', 'NN'), ('yet', 'RB'), ('nothing', 'NN'), ('dapl', 'NN'), ('nodapl', 'NN'), ('climateaction', 'NN')]"
148,celeb packed years living dangerously wants make climate change voting issue via,7.93209E+17,80,News,celeb packed years living dangerously wants make climate change voting issue via,"[('celeb', 'NN'), ('packed', 'VBD'), ('years', 'NNS'), ('living', 'VBG'), ('dangerously', 'RB'), ('wants', 'VBZ'), ('make', 'VB'), ('climate', 'JJ'), ('change', 'NN'), ('voting', 'VBG'), ('issue', 'NN'), ('via', 'IN')]"
149,using palaeoecological data increases magnitude predicted plant species response climate change,7.93209E+17,95,Positive,using palaeoecological data increases magnitude predicted plant species response climate change,"[('using', 'VBG'), ('palaeoecological', 'JJ'), ('data', 'NN'), ('increases', 'NNS'), ('magnitude', 'VBP'), ('predicted', 'VBN'), ('plant', 'NN'), ('species', 'NNS'), ('response', 'NN'), ('climate', 'NN'), ('change', 'NN')]"
150,watch beforetheflood right travels world tackle climate change htt,7.93209E+17,66,Positive,watch beforetheflood right travels world tackle climate change htt,"[('watch', 'NN'), ('beforetheflood', 'NN'), ('right', 'RB'), ('travels', 'VBZ'), ('world', 'NN'), ('tackle', 'NN'), ('climate', 'NN'), ('change', 'NN'), ('htt', 'NN')]"
151,4 days ambitious climate change agreement history enters force read,7.9321E+17,67,Neutral,4 days ambitious climate change agreement history enters force read,"[('4', 'CD'), ('days', 'NNS'), ('ambitious', 'JJ'), ('climate', 'NN'), ('change', 'NN'), ('agreement', 'NN'), ('history', 'NN'), ('enters', 'NNS'), ('force', 'VBP'), ('read', 'VB')]"
152,1 benefits global warming amp international terrorism people holidaying england ill drink,7.93211E+17,89,Neutral,1 benefits global warming amp international terrorism people holidaying england ill drink,"[('1', 'CD'), ('benefits', 'NNS'), ('global', 'JJ'), ('warming', 'VBG'), ('amp', 'JJ'), ('international', 'JJ'), ('terrorism', 'NN'), ('people', 'NNS'), ('holidaying', 'VBG'), ('england', 'NN'), ('ill', 'NN'), ('drink', 'VB')]"
153,watch beforetheflood right travels world tackle climate change htt,7.93211E+17,66,Positive,watch beforetheflood right travels world tackle climate change htt,"[('watch', 'NN'), ('beforetheflood', 'NN'), ('right', 'RB'), ('travels', 'VBZ'), ('world', 'NN'), ('tackle', 'NN'), ('climate', 'NN'), ('change', 'NN'), ('htt', 'NN')]"
154,wiese hot headed vindictive pro use nukes thinks climate change hoax,7.93211E+17,68,Positive,wiese hot headed vindictive pro use nukes thinks climate change hoax,"[('wiese', 'JJ'), ('hot', 'NNS'), ('headed', 'VBD'), ('vindictive', 'JJ'), ('pro', 'JJ'), ('use', 'NN'), ('nukes', 'NNS'), ('thinks', 'NNS'), ('climate', 'VBP'), ('change', 'NN'), ('hoax', 'NN')]"
155,thinking stop climate change,7.93211E+17,28,Positive,thinking stop climate change,"[('thinking', 'VBG'), ('stop', 'JJ'), ('climate', 'NN'), ('change', 'NN')]"
156,trump vows cancel us contribution un climate change program spend clean water clean air,7.93211E+17,87,Neutral,trump vows cancel us contribution un climate change program spend clean water clean air,"[('trump', 'NN'), ('vows', 'NNS'), ('cancel', 'VBP'), ('us', 'PRP'), ('contribution', 'NN'), ('un', 'JJ'), ('climate', 'NN'), ('change', 'NN'), ('program', 'NN'), ('spend', 'VBP'), ('clean', 'JJ'), ('water', 'NN'), ('clean', 'JJ'), ('air', 'NN')]"
157,want fight climate change must fight stoptpp says us,7.93211E+17,52,Positive,want fight climate change must fight stoptpp says us,"[('want', 'JJ'), ('fight', 'NN'), ('climate', 'NN'), ('change', 'NN'), ('must', 'MD'), ('fight', 'VB'), ('stoptpp', 'NN'), ('says', 'VBZ'), ('us', 'PRP')]"
158,beforetheflood taught climate change entire formal education insightful bold,7.93212E+17,76,Positive,beforetheflood taught climate change entire formal education insightful bold,"[('beforetheflood', 'NN'), ('taught', 'NN'), ('climate', 'NN'), ('change', 'NN'), ('entire', 'JJ'), ('formal', 'JJ'), ('education', 'NN'), ('insightful', 'JJ'), ('bold', 'NN')]"
159,watch beforetheflood right travels world tackle climate change htt,7.93212E+17,66,Positive,watch beforetheflood right travels world tackle climate change htt,"[('watch', 'NN'), ('beforetheflood', 'NN'), ('right', 'RB'), ('travels', 'VBZ'), ('world', 'NN'), ('tackle', 'NN'), ('climate', 'NN'), ('change', 'NN'), ('htt', 'NN')]"
160,im constantly verge climate change rampage killing eah people wake,7.93213E+17,66,Positive,im constantly verge climate change rampage killing eah people wake,"[('im', 'NN'), ('constantly', 'RB'), ('verge', 'JJ'), ('climate', 'NN'), ('change', 'NN'), ('rampage', 'NN'), ('killing', 'VBG'), ('eah', 'JJ'), ('people', 'NNS'), ('wake', 'VBP')]"
161,12 globalgoals directly linked climate change parisagreement crucial achieve,7.93213E+17,76,Positive,12 globalgoals directly linked climate change parisagreement crucial achieve,"[('12', 'CD'), ('globalgoals', 'NNS'), ('directly', 'RB'), ('linked', 'VBN'), ('climate', 'NN'), ('change', 'NN'), ('parisagreement', 'NN'), ('crucial', 'JJ'), ('achieve', 'NN')]"
162,trump wins election amp catalyst climate change wash cush jobs accountable nopension,7.93214E+17,84,Neutral,trump wins election amp catalyst climate change wash cush jobs accountable nopension,"[('trump', 'NN'), ('wins', 'VBZ'), ('election', 'NN'), ('amp', 'NN'), ('catalyst', 'NN'), ('climate', 'NN'), ('change', 'NN'), ('wash', 'VBP'), ('cush', 'NN'), ('jobs', 'NNS'), ('accountable', 'JJ'), ('nopension', 'NN')]"
163,happy want see something truly scary amp made great documentary global warming http,7.93215E+17,83,Positive,happy want see something truly scary amp made great documentary global warming http,"[('happy', 'JJ'), ('want', 'VBP'), ('see', 'VB'), ('something', 'NN'), ('truly', 'RB'), ('scary', 'JJ'), ('amp', 'NN'), ('made', 'VBD'), ('great', 'JJ'), ('documentary', 'JJ'), ('global', 'JJ'), ('warming', 'NN'), ('http', 'NN')]"
164,uod indian farmers fight climate change using trees weapon agroforestry gaining,7.93215E+17,79,News,uod indian farmers fight climate change using trees weapon agroforestry gaining,"[('uod', 'JJ'), ('indian', 'JJ'), ('farmers', 'NNS'), ('fight', 'JJ'), ('climate', 'NN'), ('change', 'NN'), ('using', 'VBG'), ('trees', 'NNS'), ('weapon', 'VBP'), ('agroforestry', 'NN'), ('gaining', 'NN')]"
165,everyone needs watch incredible beforetheflood documentary produced climate change,7.93215E+17,82,Positive,everyone needs watch incredible beforetheflood documentary produced climate change,"[('everyone', 'NN'), ('needs', 'VBZ'), ('watch', 'NN'), ('incredible', 'JJ'), ('beforetheflood', 'NN'), ('documentary', 'NN'), ('produced', 'VBD'), ('climate', 'JJ'), ('change', 'NN')]"
166,cloudy feedback global warming global,7.93216E+17,37,News,cloudy feedback global warming global,"[('cloudy', 'NN'), ('feedback', 'NN'), ('global', 'JJ'), ('warming', 'NN'), ('global', 'JJ')]"
167,watch beforetheflood right travels world tackle climate change htt,7.93216E+17,66,Positive,watch beforetheflood right travels world tackle climate change htt,"[('watch', 'NN'), ('beforetheflood', 'NN'), ('right', 'RB'), ('travels', 'VBZ'), ('world', 'NN'), ('tackle', 'NN'), ('climate', 'NN'), ('change', 'NN'), ('htt', 'NN')]"
168,vows cancel billions climate change funds un adds environmentalist,7.93216E+17,66,Positive,vows cancel billions climate change funds un adds environmentalist,"[('vows', 'NNS'), ('cancel', 'VBP'), ('billions', 'NNS'), ('climate', 'VBP'), ('change', 'NN'), ('funds', 'NNS'), ('un', 'JJ'), ('adds', 'VBZ'), ('environmentalist', 'NN')]"
169,canada ready climate change report warns globe mail time,7.93217E+17,56,News,canada ready climate change report warns globe mail time,"[('canada', 'NNS'), ('ready', 'JJ'), ('climate', 'VBP'), ('change', 'JJ'), ('report', 'NN'), ('warns', 'VBZ'), ('globe', 'JJ'), ('mail', 'NN'), ('time', 'NN')]"
170,global climate action agenda cop22 governments alone cannot solve global warming climate change affects us,7.93218E+17,106,Positive,global climate action agenda cop22 governments alone cannot solve global warming climate change affects us,"[('global', 'JJ'), ('climate', 'NN'), ('action', 'NN'), ('agenda', 'NN'), ('cop22', 'NN'), ('governments', 'NNS'), ('alone', 'RB'), ('can', 'MD'), ('not', 'RB'), ('solve', 'VB'), ('global', 'JJ'), ('warming', 'NN'), ('climate', 'NN'), ('change', 'NN'), ('affects', 'VBZ'), ('us', 'PRP')]"
171,new amp documentary climate change beforetheflood youtube,7.93218E+17,57,Positive,new amp documentary climate change beforetheflood youtube,"[('new', 'JJ'), ('amp', 'NN'), ('documentary', 'JJ'), ('climate', 'NN'), ('change', 'NN'), ('beforetheflood', 'NN'), ('youtube', 'NN')]"
172,think global warming niggas stopped drivin moms car day amp got jobs less smoke th,7.93218E+17,82,Neutral,think global warming niggas stopped drivin moms car day amp got jobs less smoke th,"[('think', 'VB'), ('global', 'JJ'), ('warming', 'VBG'), ('niggas', 'NN'), ('stopped', 'VBD'), ('drivin', 'VB'), ('moms', 'NNS'), ('car', 'NN'), ('day', 'NN'), ('amp', 'VBD'), ('got', 'VBD'), ('jobs', 'NNS'), ('less', 'RBR'), ('smoke', 'RB'), ('th', 'VB')]"
173,canada ready climate change university waterloo report,7.9322E+17,54,News,canada ready climate change university waterloo report,"[('canada', 'NNS'), ('ready', 'JJ'), ('climate', 'NN'), ('change', 'NN'), ('university', 'NN'), ('waterloo', 'VBP'), ('report', 'NN')]"
174,watch beforetheflood right travels world tackle climate change htt,7.93221E+17,66,Positive,watch beforetheflood right travels world tackle climate change htt,"[('watch', 'NN'), ('beforetheflood', 'NN'), ('right', 'RB'), ('travels', 'VBZ'), ('world', 'NN'), ('tackle', 'NN'), ('climate', 'NN'), ('change', 'NN'), ('htt', 'NN')]"
175,everyone tweets halloween tweeted genuinely terrifying things like climate change amp overfishing,7.93221E+17,97,Positive,everyone tweets halloween tweeted genuinely terrifying things like climate change amp overfishing,"[('everyone', 'NN'), ('tweets', 'NNS'), ('halloween', 'VBP'), ('tweeted', 'VBN'), ('genuinely', 'RB'), ('terrifying', 'VBG'), ('things', 'NNS'), ('like', 'IN'), ('climate', 'NN'), ('change', 'NN'), ('amp', 'IN'), ('overfishing', 'VBG')]"
176,damn wish global warming good kid coulda trick treated 70 degree weather,7.93222E+17,72,Neutral,damn wish global warming good kid coulda trick treated 70 degree weather,"[('damn', 'NN'), ('wish', 'JJ'), ('global', 'JJ'), ('warming', 'NN'), ('good', 'JJ'), ('kid', 'NN'), ('coulda', 'NN'), ('trick', 'NN'), ('treated', 'VBD'), ('70', 'CD'), ('degree', 'NN'), ('weather', 'NN')]"
177,right highlight vital importance upland peat climate change depressingly dismi,7.93222E+17,78,Positive,right highlight vital importance upland peat climate change depressingly dismi,"[('right', 'RB'), ('highlight', 'NN'), ('vital', 'JJ'), ('importance', 'NN'), ('upland', 'NN'), ('peat', 'NN'), ('climate', 'NN'), ('change', 'NN'), ('depressingly', 'RB'), ('dismi', 'VB')]"
178,worst thing global warming allows people wear flip flops public later year,7.93222E+17,74,Neutral,worst thing global warming allows people wear flip flops public later year,"[('worst', 'JJ'), ('thing', 'NN'), ('global', 'JJ'), ('warming', 'NN'), ('allows', 'VBZ'), ('people', 'NNS'), ('wear', 'VBP'), ('flip', 'JJ'), ('flops', 'NNS'), ('public', 'JJ'), ('later', 'RB'), ('year', 'NN')]"
179,270 minutes debate time zero questions climate change education policy isis emails nafta,7.93223E+17,88,Positive,270 minutes debate time zero questions climate change education policy isis emails nafta,"[('270', 'CD'), ('minutes', 'NNS'), ('debate', 'JJ'), ('time', 'NN'), ('zero', 'CD'), ('questions', 'NNS'), ('climate', 'VBP'), ('change', 'JJ'), ('education', 'NN'), ('policy', 'NN'), ('isis', 'NN'), ('emails', 'VBZ'), ('nafta', 'NNS')]"
180,one easiest ways help combat climate change daily life stop eating beef,7.93223E+17,71,Positive,one easiest ways help combat climate change daily life stop eating beef,"[('one', 'CD'), ('easiest', 'JJS'), ('ways', 'NNS'), ('help', 'VBP'), ('combat', 'NN'), ('climate', 'NN'), ('change', 'NN'), ('daily', 'JJ'), ('life', 'NN'), ('stop', 'NN'), ('eating', 'NN'), ('beef', 'NN')]"
181,watch beforetheflood right travels world tackle climate change htt,7.93224E+17,66,Positive,watch beforetheflood right travels world tackle climate change htt,"[('watch', 'NN'), ('beforetheflood', 'NN'), ('right', 'RB'), ('travels', 'VBZ'), ('world', 'NN'), ('tackle', 'NN'), ('climate', 'NN'), ('change', 'NN'), ('htt', 'NN')]"
182,company directors face penalties ignoring climate change auspol politicians,7.93224E+17,75,Positive,company directors face penalties ignoring climate change auspol politicians,"[('company', 'NN'), ('directors', 'NNS'), ('face', 'VBP'), ('penalties', 'NNS'), ('ignoring', 'VBG'), ('climate', 'NN'), ('change', 'NN'), ('auspol', 'NN'), ('politicians', 'NNS')]"
183,illy coffee must adapt climate change requires industry wide coordination,7.93224E+17,73,Positive,illy coffee must adapt climate change requires industry wide coordination,"[('illy', 'RB'), ('coffee', 'NN'), ('must', 'MD'), ('adapt', 'VB'), ('climate', 'NN'), ('change', 'NN'), ('requires', 'VBZ'), ('industry', 'NN'), ('wide', 'JJ'), ('coordination', 'NN')]"
184,watch beforetheflood right travels world tackle climate change htt,7.93225E+17,66,Positive,watch beforetheflood right travels world tackle climate change htt,"[('watch', 'NN'), ('beforetheflood', 'NN'), ('right', 'RB'), ('travels', 'VBZ'), ('world', 'NN'), ('tackle', 'NN'), ('climate', 'NN'), ('change', 'NN'), ('htt', 'NN')]"
185,watch beforetheflood right travels world tackle climate change htt,7.93225E+17,66,Positive,watch beforetheflood right travels world tackle climate change htt,"[('watch', 'NN'), ('beforetheflood', 'NN'), ('right', 'RB'), ('travels', 'VBZ'), ('world', 'NN'), ('tackle', 'NN'), ('climate', 'NN'), ('change', 'NN'), ('htt', 'NN')]"
186,harrowing read relentless pursuit csg australia australia tackling climate change,7.93226E+17,81,Positive,harrowing read relentless pursuit csg australia australia tackling climate change,"[('harrowing', 'VBG'), ('read', 'JJ'), ('relentless', 'NN'), ('pursuit', 'NN'), ('csg', 'NN'), ('australia', 'IN'), ('australia', 'JJ'), ('tackling', 'VBG'), ('climate', 'NN'), ('change', 'NN')]"
187,global warming continues current pace change mediterranean regi tattoos funny diy,7.93226E+17,81,Positive,global warming continues current pace change mediterranean regi tattoos funny diy,"[('global', 'JJ'), ('warming', 'NN'), ('continues', 'VBZ'), ('current', 'JJ'), ('pace', 'NN'), ('change', 'NN'), ('mediterranean', 'JJ'), ('regi', 'NN'), ('tattoos', 'NN'), ('funny', 'JJ'), ('diy', 'NN')]"
188,lake response climate change water clarity may imp air temp new l amp letters org,7.93226E+17,81,Positive,lake response climate change water clarity may imp air temp new l amp letters org,"[('lake', 'NN'), ('response', 'NN'), ('climate', 'NN'), ('change', 'NN'), ('water', 'NN'), ('clarity', 'NN'), ('may', 'MD'), ('imp', 'VB'), ('air', 'NN'), ('temp', 'IN'), ('new', 'JJ'), ('l', 'NN'), ('amp', 'NN'), ('letters', 'NNS'), ('org', 'VBP')]"
189,wildlife saving forests crucial fighting climate change wwf josefina bra varela blogs beforetheflood,7.93226E+17,100,Positive,wildlife saving forests crucial fighting climate change wwf josefina bra varela blogs beforetheflood,"[('wildlife', 'NN'), ('saving', 'VBG'), ('forests', 'NNS'), ('crucial', 'JJ'), ('fighting', 'VBG'), ('climate', 'NN'), ('change', 'NN'), ('wwf', 'VBD'), ('josefina', 'NN'), ('bra', 'NN'), ('varela', 'NN'), ('blogs', 'NNS'), ('beforetheflood', 'NN')]"
190,president needs realize reality climate change amongst things ivoted,7.93227E+17,68,Positive,president needs realize reality climate change amongst things ivoted,"[('president', 'NN'), ('needs', 'NNS'), ('realize', 'VBP'), ('reality', 'NN'), ('climate', 'NN'), ('change', 'NN'), ('amongst', 'JJ'), ('things', 'NNS'), ('ivoted', 'VBD')]"
191,watch beforetheflood right travels world tackle climate change htt,7.93227E+17,66,Positive,watch beforetheflood right travels world tackle climate change htt,"[('watch', 'NN'), ('beforetheflood', 'NN'), ('right', 'RB'), ('travels', 'VBZ'), ('world', 'NN'), ('tackle', 'NN'), ('climate', 'NN'), ('change', 'NN'), ('htt', 'NN')]"
192,stp global climate change put efforts toward selling sizzel ev pv key homes solar solarchat,7.93228E+17,91,Positive,stp global climate change put efforts toward selling sizzel ev pv key homes solar solarchat,"[('stp', 'NN'), ('global', 'JJ'), ('climate', 'NN'), ('change', 'NN'), ('put', 'VBD'), ('efforts', 'NNS'), ('toward', 'IN'), ('selling', 'VBG'), ('sizzel', 'JJ'), ('ev', 'NN'), ('pv', 'NN'), ('key', 'JJ'), ('homes', 'NNS'), ('solar', 'JJ'), ('solarchat', 'NNS')]"
193,leo climate change documentary epic amazing,7.93228E+17,43,Positive,leo climate change documentary epic amazing,"[('leo', 'JJ'), ('climate', 'NN'), ('change', 'NN'), ('documentary', 'JJ'), ('epic', 'NN'), ('amazing', 'NN')]"
194,canada ready catastrophic effects climate change report warns report graded province,7.93229E+17,84,News,canada ready catastrophic effects climate change report warns report graded province,"[('canada', 'NNS'), ('ready', 'JJ'), ('catastrophic', 'JJ'), ('effects', 'NNS'), ('climate', 'VBP'), ('change', 'NN'), ('report', 'NN'), ('warns', 'VBZ'), ('report', 'NN'), ('graded', 'VBD'), ('province', 'NN')]"
195,need know leonardo dicaprio climate change film,7.93229E+17,47,Neutral,need know leonardo dicaprio climate change film,"[('need', 'NN'), ('know', 'VBP'), ('leonardo', 'VBZ'), ('dicaprio', 'JJ'), ('climate', 'NN'), ('change', 'NN'), ('film', 'NN')]"
196,company directors face penalties ignoring climate change auspol politicians,7.93229E+17,75,Positive,company directors face penalties ignoring climate change auspol politicians,"[('company', 'NN'), ('directors', 'NNS'), ('face', 'VBP'), ('penalties', 'NNS'), ('ignoring', 'VBG'), ('climate', 'NN'), ('change', 'NN'), ('auspol', 'NN'), ('politicians', 'NNS')]"
197,watch beforetheflood right travels world tackle climate change htt,7.9323E+17,66,Positive,watch beforetheflood right travels world tackle climate change htt,"[('watch', 'NN'), ('beforetheflood', 'NN'), ('right', 'RB'), ('travels', 'VBZ'), ('world', 'NN'), ('tackle', 'NN'), ('climate', 'NN'), ('change', 'NN'), ('htt', 'NN')]"